Date,close,Index (MSI),MACD
1-1-2018,13441.98,,
2-1-2018,14770.64,,
3-1-2018,15145.87,,
4-1-2018,15188.81,,
5-1-2018,16955.88,,
6-1-2018,17127.92,,
7-1-2018,16144.2,,
8-1-2018,14999.09,,
9-1-2018,14469.66,,
10-1-2018,14908.05,,
11-1-2018,13339.27,,
12-1-2018,13729.92,,
13-1-2018,14240.03,,
14-1-2018,13660.42,,
15-1-2018,13600.74,,
16-1-2018,11472.14,,
17-1-2018,11204.14,,
18-1-2018,11284.28,,
19-1-2018,11546.39,,
20-1-2018,12782.42,,
21-1-2018,11541.66,,
22-1-2018,10791.75,,
23-1-2018,10836.87,,
24-1-2018,11381.03,,
25-1-2018,11136.71,,
26-1-2018,11088.16,,
27-1-2018,11381.1,,
28-1-2018,11621.15,,
29-1-2018,11142.74,,
30-1-2018,9988.31,,
31-1-2018,10115.8,,
1-2-2018,9012.89,,
2-2-2018,8811.01,,
3-2-2018,9213.73,,
4-2-2018,8163.01,,
5-2-2018,6878.96,,
6-2-2018,7696.4,,
7-2-2018,7576.41,,
8-2-2018,8227.22,,
9-2-2018,8685.72,-5.127794747,
10-2-2018,8554.17,-4.031560019,
11-2-2018,8067.5,-7.819261263,
12-2-2018,8894.4,-16.16378926,
13-2-2018,8519.94,-18.06268149,
14-2-2018,9483.48,-24.24106067,
15-2-2018,10025.85,-23.74750931,
16-2-2018,10183.91,-19.25192508,
17-2-2018,11105.63,-14.05708068,
18-2-2018,10408.53,-4.890343052,
19-2-2018,11161.26,-3.073470401,
20-2-2018,11229.38,2.350183329,
21-2-2018,10461.69,1.730516615,
22-2-2018,9835.88,-4.453090746,
23-2-2018,10157.6,-15.36294932,
24-2-2018,9690.96,-19.3592034,
25-2-2018,9590.76,-27.72434435,
26-2-2018,10311.7,-34.28305788,
27-2-2018,10561.58,-36.3644824,
28-2-2018,10306.81,-38.20741769,
1-3-2018,10905,-45.33723001,
2-3-2018,11022.27,-46.95167313,
3-3-2018,11434.81,-50.24240337,
4-3-2018,11478.12,-54.24990544,
5-3-2018,11407.67,-57.25020993,
6-3-2018,10713.03,-61.77435895,
7-3-2018,9905.07,-71.07877431,-16.69299386
8-3-2018,9291.47,-84.5237953,-17.7296586
9-3-2018,9246.63,-100.941809,-19.41235022
10-3-2018,8777.03,-114.7196414,-21.81917409
11-3-2018,9531.52,-131.0712297,-24.5552971
12-3-2018,9113.49,-138.5416212,-27.72355097
13-3-2018,9143.89,-148.4812376,-30.48579192
14-3-2018,8194.19,-158.5823432,-33.09542825
15-3-2018,8260.16,-172.5710165,-35.56864545
16-3-2018,8263.84,-184.9136168,-38.2169161
17-3-2018,7860.59,-194.4871117,-40.84084651
18-3-2018,8190.18,-207.645154,-43.19490729
19-3-2018,8598.79,-216.2021942,-45.59665165
20-3-2018,8903.31,-217.4825923,-47.64135312
21-3-2018,8892.03,-212.8350595,-48.80254583
22-3-2018,8710.45,-208.6423833,-48.78541446
23-3-2018,8922.42,-207.559573,-47.88157482
24-3-2018,8537.17,-206.1411121,-46.54140135
25-3-2018,8452.08,-205.4427622,-44.84786797
26-3-2018,8143.28,-203.963599,-42.95422994
27-3-2018,7791.62,-206.7242361,-40.86310758
28-3-2018,7940.08,-213.5960995,-38.97930917
29-3-2018,7083.77,-216.9487019,-37.60737292
30-3-2018,6835.18,-224.9755731,-36.37136411
31-3-2018,6922.18,-232.1588099,-35.62881287
1-4-2018,6812.64,-236.8848231,-35.21403734
2-4-2018,7050.62,-245.48628,-34.86477509
3-4-2018,7418.63,-247.4582339,-34.8799733
4-4-2018,6794.09,-242.4521032,-34.65169502
5-4-2018,6774.51,-242.8047405,-33.67860395
6-4-2018,6611.62,-241.7373616,-32.56053952
7-4-2018,6897,-243.9612054,-31.22835579
8-4-2018,7021.12,-238.9879257,-30.00614406
9-4-2018,6773.91,-229.6859716,-28.30989153
10-4-2018,6830.34,-225.7295107,-25.91626268
11-4-2018,6941.09,-216.4632289,-23.42995531
12-4-2018,7920.02,-202.6033815,-20.47579508
13-4-2018,7887.14,-183.7853348,-16.82231083
14-4-2018,8001.62,-165.2221179,-12.26703243
15-4-2018,8357.55,-145.7695967,-7.077460458
16-4-2018,8051.61,-122.8539827,-1.379133594
17-4-2018,7891.59,-106.9920026,4.929110315
18-4-2018,8165.47,-93.54018939,11.0806376
19-4-2018,8272.58,-76.11632785,16.8470143
20-4-2018,8862.34,-55.48348434,22.56277971
21-4-2018,8925.18,-32.91012545,28.42974264
22-4-2018,8799.19,-16.6904927,34.50310413
23-4-2018,8941.34,0.815606017,40.16211186
24-4-2018,9651.2,19.23410266,45.53461739
25-4-2018,8862.92,39.94060703,50.69421413
26-4-2018,9279.74,51.4998255,55.8107223
27-4-2018,8921.95,67.08031842,60.10546583
28-4-2018,9339.53,76.92109855,64.02821913
29-4-2018,9396.87,90.30522032,67.15695452
30-4-2018,9243.4,102.6519786,69.91060075
1-5-2018,9070.08,109.1500573,72.25624046
2-5-2018,9210.32,117.4150246,73.78892469
3-5-2018,9730.39,127.9493567,74.80815987
4-5-2018,9690.46,139.5713242,75.59453689
5-5-2018,9807.77,146.16511,76.27627656
6-5-2018,9607.08,150.0268316,76.46715777
7-5-2018,9359.58,147.4333297,76.05334553
8-5-2018,9174.91,140.4335791,74.65553983
9-5-2018,9305.61,131.3014848,72.15123288
10-5-2018,9015.02,121.791897,68.63844659
11-5-2018,8405.25,108.5071001,64.34545949
12-5-2018,8475.48,90.86092363,59.18897059
13-5-2018,8691.6,76.17399836,53.06679603
14-5-2018,8671.97,68.59066752,46.49386413
15-5-2018,8472.71,59.91882658,40.20934849
16-5-2018,8345.11,47.9596687,34.13558569
17-5-2018,8062.51,33.04965064,28.0339232
18-5-2018,8237.32,14.6911972,21.74454034
19-5-2018,8235.15,3.076123794,15.10466814
20-5-2018,8517.35,-8.115284329,8.803797527
21-5-2018,8392.93,-12.98850159,2.874127911
22-5-2018,7986.66,-21.83529958,-2.193124907
23-5-2018,7501.42,-35.23527509,-6.843929378
24-5-2018,7578.88,-52.46121752,-11.47867247
25-5-2018,7464.74,-62.57223195,-16.35321962
26-5-2018,7334.29,-75.44942786,-20.79252444
27-5-2018,7342.26,-87.32732297,-25.06090112
28-5-2018,7105.29,-99.3914264,-29.06700096
29-5-2018,7463.01,-114.9544174,-32.83681392
30-5-2018,7379.63,-121.9311424,-36.65765453
31-5-2018,7486.93,-131.7317263,-39.78998745
1-6-2018,7512.78,-135.1977067,-42.57246024
2-6-2018,7639.51,-136.8302711,-44.54379251
3-6-2018,7709.21,-133.087102,-45.71089509
4-6-2018,7492.78,-126.5663967,-45.80576944
5-6-2018,7615.62,-126.0035014,-44.83792789
6-6-2018,7657.83,-121.3373481,-43.52377062
7-6-2018,7686.22,-118.6862401,-41.62593408
8-6-2018,7624,-118.8712513,-39.45317109
9-6-2018,7496.46,-122.1802193,-37.31601385
10-6-2018,6772.35,-129.4436256,-35.48031244
11-6-2018,6879.15,-141.3517596,-34.21716783
12-6-2018,6549.97,-146.7715951,-33.787522
13-6-2018,6300.41,-156.4168362,-33.49821345
14-6-2018,6641.24,-168.926573,-33.65922214
15-6-2018,6389.6,-173.1229047,-34.39971538
16-6-2018,6485.12,-181.1902936,-34.92260447
17-6-2018,6446.43,-185.6270994,-35.5778494
18-6-2018,6708.57,-191.8375725,-36.03970557
19-6-2018,6738.52,-192.2334789,-36.48627217
20-6-2018,6756.6,-191.7559513,-36.45193059
21-6-2018,6717.83,-192.7340251,-35.9715248
22-6-2018,6059.79,-196.8517479,-35.26322958
23-6-2018,6170.58,-205.3332818,-34.63491656
24-6-2018,6150.87,-212.5034666,-34.42453823
25-6-2018,6246.91,-222.1165971,-34.43939003
26-6-2018,6071.07,-225.5703804,-34.82541378
27-6-2018,6134.45,-233.4406529,-35.0064987
28-6-2018,5852.18,-237.6476724,-35.37726791
29-6-2018,6201.5,-245.6015755,-35.60019955
30-6-2018,6386.45,-246.2192944,-36.0036602
1-7-2018,6347.71,-240.4614874,-35.95874045
2-7-2018,6614.4,-233.4813947,-35.05444846
3-7-2018,6503.62,-221.2911482,-33.38966018
4-7-2018,6584.91,-212.8071714,-30.73238861
5-7-2018,6530.58,-201.0344752,-27.62346956
6-7-2018,6593.61,-193.2087873,-23.93377694
7-7-2018,6755.63,-185.8969199,-20.14597113
8-7-2018,6703.54,-175.2609284,-16.36545041
9-7-2018,6664.82,-165.8359908,-12.36854797
10-7-2018,6301.69,-161.4936289,-8.344272702
11-7-2018,6381.99,-163.0185811,-4.749859821
12-7-2018,6246.47,-163.6524621,-2.001243524
13-7-2018,6214.2,-169.0213077,0.1244709744
14-7-2018,6248.26,-170.1117039,1.360214351
15-7-2018,6345.36,-169.6385739,2.225905169
16-7-2018,6726.52,-164.3309946,2.916529085
17-7-2018,7316.35,-153.5164991,3.847776039
18-7-2018,7374.96,-137.7476627,5.396230976
19-7-2018,7470.08,-126.0217089,7.805825289
20-7-2018,7330.03,-118.5110497,10.54013252
21-7-2018,7405.85,-116.8420205,13.16142147
22-7-2018,7398.97,-110.1759302,15.19829209
23-7-2018,7718.33,-106.7706831,17.15269888
24-7-2018,8397.78,-105.6704831,18.76010056
25-7-2018,8164.3,-101.1465995,19.89343577
26-7-2018,7927.34,-96.51808569,20.91555025
27-7-2018,8184.12,-96.92325571,21.84722452
28-7-2018,8233.11,-92.73019955,22.29587627
29-7-2018,8215.66,-90.52662526,22.7277888
30-7-2018,8166.77,-89.73507586,22.98295937
31-7-2018,7725.94,-93.35476548,22.98410881
1-8-2018,7603.06,-101.827966,22.43433203
2-8-2018,7535.27,-111.8085524,21.07200851
3-8-2018,7414.94,-124.4280507,18.96835204
4-8-2018,7013.51,-136.1407212,16.09734096
5-8-2018,7030.4,-150.7194907,12.73018373
6-8-2018,6935.35,-158.5758808,8.784045501
7-8-2018,6718.47,-168.3453548,4.965518098
8-8-2018,6279.12,-181.2016679,1.137875995
9-8-2018,6541.67,-197.3329471,-2.899530987
10-8-2018,6134.17,-205.0836658,-7.316524186
11-8-2018,6233.85,-216.5302516,-11.31204315
12-8-2018,6314.31,-228.579571,-15.22664129
13-8-2018,6253.4,-240.483981,-19.08131042
14-8-2018,6195.4,-255.0049714,-22.83353905
15-8-2018,6270.14,-270.290533,-26.67147765
16-8-2018,6314.81,-279.6533753,-30.59382218
17-8-2018,6583.9,-284.8054783,-34.06512999
18-8-2018,6396.48,-282.0316387,-36.80760295
19-8-2018,6484.53,-283.7949874,-38.31552929
20-8-2018,6258.78,-279.0288153,-39.20097485
21-8-2018,6476.8,-279.4037339,-39.06775778
22-8-2018,6356.39,-274.6724103,-38.54807686
23-8-2018,6525.69,-274.6989063,-37.32419759
24-8-2018,6692.28,-268.7932057,-35.94208449
25-8-2018,6733.29,-258.0450053,-33.97852591
26-8-2018,6706.69,-247.3102087,-31.19549935
27-8-2018,6908.6,-238.7405463,-27.80322412
28-8-2018,7075.94,-225.7649219,-24.14499297
29-8-2018,7030.1,-208.5870782,-19.9686083
30-8-2018,6982.02,-197.0022262,-15.09863724
31-8-2018,7016.32,-190.3573063,-10.18692087
1-9-2018,7190.89,-180.769253,-5.692540694
2-9-2018,7291.15,-166.712761,-1.341571455
3-9-2018,7256.12,-157.3060362,3.20391175
4-9-2018,7358.81,-149.921896,7.479069952
5-9-2018,6685.47,-139.9039865,11.33236952
6-9-2018,6494.82,-136.4842936,15.02134209
7-9-2018,6397.12,-133.2231744,18.01317539
8-9-2018,6251.3,-133.8139414,20.41207224
9-9-2018,6289.41,-139.3951173,22.0118069
10-9-2018,6340.54,-142.9151867,22.56909147
11-9-2018,6325.12,-146.4554099,22.46770954
12-9-2018,6355.91,-153.9951635,21.84982602
13-9-2018,6478.62,-162.1168166,20.51526655
14-9-2018,6473.28,-162.8953858,18.58799815
15-9-2018,6503.63,-164.4917252,16.80409291
16-9-2018,6487.89,-163.1792765,15.08760341
17-9-2018,6302.72,-161.1863762,13.67553371
18-9-2018,6363.55,-164.2216543,12.57234256
19-9-2018,6405.78,-161.7408486,11.32261401
20-9-2018,6483.24,-158.4561952,10.41234834
21-9-2018,6677.61,-151.2006753,9.842541628
22-9-2018,6647.5,-139.3863421,9.862734064
23-9-2018,6638.72,-132.4332953,10.70861245
24-9-2018,6549.62,-122.1714135,11.80396121
25-9-2018,6439.14,-117.8317873,13.34623402
26-9-2018,6456.59,-116.8773876,14.74865459
27-9-2018,6625.28,-113.7221287,15.75547575
28-9-2018,6577.19,-105.5009115,16.61644774
29-9-2018,6549.69,-101.0894059,17.75746081
30-9-2018,6565.65,-94.95726134,18.80096767
1-10-2018,6543.08,-88.38463117,19.89344791
2-10-2018,6488.53,-84.46824896,21.04698613
3-10-2018,6460.59,-81.34254066,22.02332166
4-10-2018,6524.52,-82.60848709,22.78662313
5-10-2018,6552.96,-80.4229686,23.02398755
6-10-2018,6548,-75.49737518,23.12191856
7-10-2018,6572.83,-74.35364567,23.32807231
8-10-2018,6605.71,-73.14912845,23.31497949
9-10-2018,6589.22,-68.29866032,23.13511066
10-10-2018,6525.59,-65.7551565,23.11747173
11-10-2018,6152.85,-64.59682469,23.04310567
12-10-2018,6191.9,-69.32860661,22.8146447
13-10-2018,6197.15,-70.37277686,21.99819104
14-10-2018,6182.46,-69.55881827,21.02453209
15-10-2018,6439.25,-71.26022932,20.08702925
16-10-2018,6458.8,-67.40377436,18.98788136
17-10-2018,6440.62,-62.91462624,18.21797693
18-10-2018,6394.39,-59.1069712,17.76527186
19-10-2018,6384.24,-59.80103102,17.51187973
20-10-2018,6413.1,-59.04058675,17.05842095
21-10-2018,6412.98,-54.8403437,16.56941124
22-10-2018,6407.69,-51.82007392,16.3325209
23-10-2018,6394.55,-49.62378262,16.20173066
24-10-2018,6413.46,-48.04297438,16.08982729
25-10-2018,6392.95,-46.0963082,15.94489822
26-10-2018,6405.34,-46.74656682,15.80493117
27-10-2018,6409.3,-47.81394484,15.46328471
28-10-2018,6405.52,-50.93262306,14.93424626
29-10-2018,6265.62,-50.18956956,14.10078315
30-10-2018,6270.63,-54.2484507,13.34636723
31-10-2018,6305.13,-56.39269157,12.27941988
1-11-2018,6342.3,-58.48919379,11.13250551
2-11-2018,6349.35,-56.83439695,9.939817368
3-11-2018,6332.71,-54.68051341,9.024107407
4-11-2018,6422.51,-54.61068015,8.375651767
5-11-2018,6404.12,-54.32305905,7.777724197
6-11-2018,6448.93,-54.65066746,7.243571526
7-11-2018,6502.23,-51.10265904,6.716394016
8-11-2018,6406.6,-47.65873829,6.509855111
9-11-2018,6332.57,-48.42103209,6.548579218
10-11-2018,6348.99,-52.27582787,6.443481173
11-11-2018,6358.58,-52.65543885,5.980204339
12-11-2018,6324.86,-55.76186879,5.518805324
13-11-2018,6259.63,-60.28419678,4.846611623
14-11-2018,5602.16,-67.79450597,3.903976587
15-11-2018,5576.96,-79.82198753,2.521842118
16-11-2018,5512.78,-92.65151406,0.4507770724
17-11-2018,5502.62,-106.3026414,-2.200427312
18-11-2018,5560.15,-119.8879818,-5.341484469
19-11-2018,4735.99,-127.2491477,-8.825285928
20-11-2018,4354.46,-139.0518385,-12.04140246
21-11-2018,4544.5,-153.7930198,-15.36545311
22-11-2018,4266.62,-160.4729043,-18.97059611
23-11-2018,4286.68,-169.9269808,-22.11181749
24-11-2018,3782.66,-181.0057211,-25.0750732
25-11-2018,3935.51,-195.0181552,-27.99473062
26-11-2018,3729.05,-203.0688352,-31.08098425
27-11-2018,3772.04,-213.8819623,-33.78700947
28-11-2018,4222.17,-219.0029158,-36.38466318
29-11-2018,4245.06,-216.7314562,-38.41373104
30-11-2018,3971.62,-214.1508408,-39.3844942
1-12-2018,4140.6,-216.3188001,-39.49037641
2-12-2018,4102.1,-212.035951,-39.29624241
3-12-2018,3833.88,-211.759075,-38.35467092
4-12-2018,3903.5,-216.2086904,-37.15779521
5-12-2018,3694.33,-216.4772079,-36.1515765
6-12-2018,3435.64,-221.269544,-34.97266493
7-12-2018,3379.46,-229.8057834,-34.03276199
8-12-2018,3397.8,-239.400379,-33.58948663
9-12-2018,3532.52,-246.451896,-33.62478578
10-12-2018,3409.44,-246.3938233,-33.83176755
11-12-2018,3349.5,-250.0573417,-33.60375296
12-12-2018,3431.88,-255.484503,-33.33440679
13-12-2018,3263.29,-256.4924432,-33.17643726
14-12-2018,3195.45,-261.6169095,-32.75499837
15-12-2018,3181.68,-268.9353834,-32.46032422
16-12-2018,3192.87,-275.3931415,-32.44334581
17-12-2018,3499.6,-276.4826986,-32.57546769
18-12-2018,3667.96,-270.2769962,-32.39466783
19-12-2018,3683.65,-259.2648754,-31.38880372
20-12-2018,4075.2,-245.5983275,-29.3645666
21-12-2018,3839.43,-227.6305771,-26.35377795
22-12-2018,3980.5,-215.6751374,-22.26124519
23-12-2018,3944.39,-199.8200005,-17.84744518
24-12-2018,4034.35,-181.7098981,-12.92115283
25-12-2018,3779.12,-164.5623509,-7.469591933
26-12-2018,3809.24,-154.723526,-1.74540693
27-12-2018,3589.71,-144.5828528,3.544107603
28-12-2018,3888.18,-140.6348027,8.456868046
29-12-2018,3727.34,-131.8011856,12.52446649
30-12-2018,3831.04,-126.8345768,16.27327841
31-12-2018,3692.35,-123.3990931,19.42112801
1-1-2019,3823.32,-124.4898988,21.94012423
2-1-2019,3888.33,-120.7452279,23.57665102
3-1-2019,3787.2,-112.0849479,24.88887053
4-1-2019,3820.78,-108.6651235,26.32417743
5-1-2019,3796.12,-103.2429878,27.42152151
6-1-2019,4040.95,-98.93598653,28.40130309
7-1-2019,4006.06,-89.60396026,29.18885511
8-1-2019,3993.48,-85.02219773,30.21768167
9-1-2019,4001.71,-80.42481952,31.04487804
10-1-2019,3625.97,-75.83707679,31.705921
11-1-2019,3635.02,-76.98051111,32.2284849
12-1-2019,3617.97,-76.61838463,32.17941074
13-1-2019,3514.22,-77.27081431,31.80313298
14-1-2019,3664.04,-82.88742735,31.09385392
15-1-2019,3581.7,-81.8203341,29.73575614
16-1-2019,3607.34,-84.94400744,28.41797465
17-1-2019,3641.02,-83.93516784,26.81249129
18-1-2019,3609.32,-80.09807388,25.32955572
19-1-2019,3683.41,-80.26200792,24.18514868
20-1-2019,3534.25,-74.94600122,22.99984189
21-1-2019,3532.23,-74.87122522,22.23314517
22-1-2019,3576.72,-76.27807535,21.38505272
23-1-2019,3553.61,-75.34468157,20.36466116
24-1-2019,3570.31,-76.71504622,19.40759193
25-1-2019,3560.82,-76.6482725,18.32726539
26-1-2019,3556.51,-78.55307935,17.27732466
27-1-2019,3531.82,-80.83406354,16.10587854
28-1-2019,3430.04,-86.22527445,14.82257724
29-1-2019,3394.6,-96.14877314,13.21815538
30-1-2019,3436.6,-106.0977604,11.01887733
31-1-2019,3411.58,-109.9187954,8.376573578
1-2-2019,3437.85,-117.5813261,5.906121138
2-2-2019,3466.58,-121.290023,3.292019242
3-2-2019,3415.2,-121.9996485,0.9105673593
4-2-2019,3411.45,-125.9415197,-1.022227654
5-2-2019,3429.82,-129.9272518,-2.839327691
6-2-2019,3366.55,-134.6305561,-4.548574691
7-2-2019,3359.66,-141.6238684,-6.211085087
8-2-2019,3622.38,-145.7401707,-8.000711185
9-2-2019,3624.04,-142.5760481,-9.640029697
10-2-2019,3648.38,-137.6029827,-10.56212952
11-2-2019,3589.84,-130.0081367,-10.76749449
12-2-2019,3587.88,-126.3096424,-10.19982982
13-2-2019,3575.52,-121.5610213,-9.343804331
14-2-2019,3561.64,-118.5382848,-8.187839609
15-2-2019,3566.85,-119.1062935,-6.947730559
16-2-2019,3581.17,-117.4415492,-5.942269966
17-2-2019,3625.62,-113.8761248,-4.953997648
18-2-2019,3868.62,-106.503446,-3.838833086
19-2-2019,3889.15,-94.51242822,-2.333247354
20-2-2019,3939.67,-83.83268558,-0.1705192499
21-2-2019,3899.2,-70.52748193,2.377814367
22-2-2019,3942.23,-62.94403514,5.408658212
23-2-2019,4111.96,-51.4906077,8.326561159
24-2-2019,3732.4,-36.78561393,11.4314416
25-2-2019,3819.89,-29.77405593,14.90681533
26-2-2019,3797.68,-18.97544329,18.01913482
27-2-2019,3799.37,-9.49289201,21.11364329
28-2-2019,3792.17,-2.482985941,24.05394725
1-3-2019,3806.51,3.27775894,26.64267993
2-3-2019,3810.63,9.641667282,28.82681562
3-3-2019,3787.94,12.78946084,30.71718452
4-3-2019,3700.08,12.87173729,32.09929542
5-3-2019,3844.82,8.532585232,32.82290528
6-3-2019,3851.4,10.13480756,32.66964269
7-3-2019,3855.74,10.80889387,32.30507415
8-3-2019,3843.52,12.48605346,31.7050678
9-3-2019,3917.53,12.11245491,31.00745655
10-3-2019,3898.96,16.08732614,30.07773097
11-3-2019,3850.2,18.96026466,29.32363107
12-3-2019,3861.24,19.17668605,28.62781991
13-3-2019,3850.97,22.92070316,27.77369013
14-3-2019,3854.62,24.66209454,27.08665888
15-3-2019,3901.3,27.68253396,26.37862108
16-3-2019,3989.8,33.48145726,25.76422627
17-3-2019,3965.74,39.12698965,25.45184557
18-3-2019,3969.92,42.61314516,25.36740919
19-3-2019,4000.07,42.83560266,25.29026593
20-3-2019,4031.89,44.26648607,24.95936379
21-3-2019,3973.6,47.42341922,24.52981733
22-3-2019,3983.66,45.74034023,24.16557112
23-3-2019,3982.73,45.82746626,23.47053921
24-3-2019,3970.09,47.62768194,22.66547822
25-3-2019,3908.16,46.0835882,21.92004334
26-3-2019,3920.73,40.38783037,20.96303653
27-3-2019,4026.3,35.47087854,19.51998741
28-3-2019,4012.5,36.5443906,17.77470791
29-3-2019,4088.16,36.33438172,16.29039919
30-3-2019,4093.5,35.62801248,14.92508084
31-3-2019,4095.32,34.20078698,13.62895204
1-4-2019,4136.92,34.7643655,12.34429807
2-4-2019,4902.07,37.52726357,11.24208487
3-4-2019,4975.84,45.25676537,10.47081471
4-4-2019,4906.95,50.09406585,10.36381614
5-4-2019,5039.87,51.93434768,10.54776069
6-4-2019,5044.89,57.50297718,10.71847751
7-4-2019,5193.97,59.53150077,11.17430326
8-4-2019,5286.6,64.22309121,11.56590876
9-4-2019,5191.4,64.66814583,12.11517488
10-4-2019,5320.65,61.08018707,12.44294985
11-4-2019,5041.97,57.66194166,12.27173467
12-4-2019,5081.23,49.10589239,11.72506235
13-4-2019,5066.23,44.49980106,10.48060504
14-4-2019,5161.73,39.29395423,9.018728286
15-4-2019,5032.24,38.60134568,7.355324496
16-4-2019,5203.27,32.87101891,5.913015723
17-4-2019,5232.93,32.56209469,4.258496847
18-4-2019,5282.15,31.29001427,2.889047968
19-4-2019,5288.23,32.5007957,1.681717811
20-4-2019,5319.15,32.52837011,0.8132255473
21-4-2019,5296.64,32.04416464,0.1257150309
22-4-2019,5387.1,26.3248084,-0.4529915368
23-4-2019,5531.93,22.65799504,-1.357476764
24-4-2019,5442.55,16.1644399,-2.343158543
25-4-2019,5133.62,4.986488322,-3.606718084
26-4-2019,5152.02,-10.24073246,-5.44727263
27-4-2019,5170.55,-21.6539423,-8.041932434
28-4-2019,5157.28,-28.44910674,-10.89359509
29-4-2019,5149.06,-36.86186654,-13.54572459
30-4-2019,5269.56,-48.31560657,-16.14033994
1-5-2019,5323.21,-52.912116,-18.9029114
2-5-2019,5389.01,-58.72271073,-21.21857456
3-5-2019,5658.98,-62.3422954,-23.25455668
4-5-2019,5766.92,-62.07046855,-24.87343197
5-5-2019,5714.35,-65.67284399,-25.83663945
6-5-2019,5686.85,-70.86965051,-26.58422353
7-5-2019,5747.25,-75.00371157,-27.2815435
8-5-2019,5941,-81.50845496,-27.84675868
9-5-2019,6151.84,-86.60760802,-28.49114601
10-5-2019,6350.47,-93.77948558,-29.07809251
11-5-2019,7218.77,-96.1876832,-29.77869218
12-5-2019,6976.07,-93.21089349,-30.18034368
13-5-2019,7818.49,-95.04482356,-29.91362766
14-5-2019,7991.53,-92.18274939,-29.51006249
15-5-2019,8203.37,-87.01990196,-28.62926833
16-5-2019,7880.26,-76.71570764,-27.20107689
17-5-2019,7356.83,-70.26718269,-24.95015269
18-5-2019,7262.96,-69.54749768,-22.38786362
19-5-2019,8196.84,-70.52956925,-20.06782907
20-5-2019,8003.54,-65.46173234,-18.09978686
21-5-2019,7953.31,-64.74656285,-15.94733618
22-5-2019,7623.38,-61.05649986,-14.02215661
23-5-2019,7880.26,-62.14135324,-12.05966439
24-5-2019,8001.27,-59.50333585,-10.47120819
25-5-2019,8067.46,-55.89545404,-8.896921091
26-5-2019,8737.82,-52.37637756,-7.27430762
27-5-2019,8775.72,-46.05082502,-5.639407117
28-5-2019,8719.96,-36.95736322,-3.789632935
29-5-2019,8662.06,-28.34280629,-1.571788598
30-5-2019,8275.2,-21.58078582,0.870951975
31-5-2019,8542.59,-20.83649413,3.314275117
1-6-2019,8557.81,-14.94108201,5.250163808
2-6-2019,8739.82,-11.97093896,7.177344078
3-6-2019,8110.65,-6.216751705,8.842384542
4-6-2019,7672.33,-6.810977577,10.50515899
5-6-2019,7788.49,-11.73012555,11.64078297
6-6-2019,7804.09,-12.62248617,12.00544769
7-6-2019,8000.72,-12.76748181,12.08315398
8-6-2019,7931.87,-8.072755413,11.99476862
9-6-2019,7638.28,-6.663540302,12.1633364
10-6-2019,8020.26,-10.07048342,12.26920767
11-6-2019,7919.83,-7.278207102,11.94055628
12-6-2019,8174.93,-6.999559554,11.76973685
13-6-2019,8242.68,-3.87145784,11.5240042
14-6-2019,8697.18,-2.522713323,11.44968611
15-6-2019,8856.88,-1.402062931,11.3685711
16-6-2019,8978.8,1.817963731,11.26485969
17-6-2019,9333.16,5.116856971,11.31209807
18-6-2019,9080.53,8.266686669,11.48335497
19-6-2019,9278.89,7.873317891,11.73793463
20-6-2019,9533.85,10.85248126,11.77224615
21-6-2019,10227.86,9.900263793,11.90262579
22-6-2019,10667.11,10.29147681,11.79317226
23-6-2019,10830.47,14.12936681,11.60423082
24-6-2019,11029.39,16.29497619,11.6301143
25-6-2019,11757.89,20.41995759,11.69061163
26-6-2019,12929.53,24.69957717,11.93384182
27-6-2019,11151.19,25.59001428,12.32980274
28-6-2019,12365.78,20.4782482,12.57054999
29-6-2019,11868.74,20.66015723,12.20813928
30-6-2019,10754.92,23.36724892,11.79958643
1-7-2019,10545.52,20.31983634,11.56097728
2-7-2019,10832.3,17.06755966,10.99918533
3-7-2019,11977.74,12.35638556,10.17424721
4-7-2019,11143.87,12.12141005,9.036162189
5-7-2019,11001.41,8.014759192,8.022779439
6-7-2019,11238.37,2.018359178,6.80979483
7-7-2019,11475.04,-3.263794367,5.303500963
8-7-2019,12296.2,-4.708856413,3.641549064
9-7-2019,12569.82,-5.665979918,2.182675258
10-7-2019,12097.61,-9.001130353,0.9384574357
11-7-2019,11340.29,-16.35281806,-0.3131036558
12-7-2019,11796.35,-27.6018867,-1.876562748
13-7-2019,11376.28,-32.72697069,-3.977471355
14-7-2019,10299.7,-41.29042238,-5.986993672
15-7-2019,10848.72,-54.0508612,-8.176302248
16-7-2019,9421.22,-62.23592183,-10.81632201
17-7-2019,9700.79,-75.06810879,-13.41438994
18-7-2019,10645.53,-81.30942784,-16.32069295
19-7-2019,10536.04,-81.18434822,-18.90960317
20-7-2019,10759.8,-82.21662314,-20.71247973
21-7-2019,10594.06,-78.33327483,-21.97129691
22-7-2019,10325.69,-78.76648538,-22.39738177
23-7-2019,9842.62,-81.68818771,-22.51052622
24-7-2019,9769.06,-88.522942,-22.57571222
25-7-2019,9888.96,-91.86918195,-22.91473336
26-7-2019,9848.24,-94.31601093,-23.18614818
27-7-2019,9477.86,-93.38160939,-23.32975414
28-7-2019,9530.33,-97.86092777,-23.10186063
29-7-2019,9498.63,-99.94658008,-23.01736706
30-7-2019,9593.95,-101.1752196,-22.85523905
31-7-2019,10085.57,-101.4649701,-22.56576824
1-8-2019,10408.14,-98.55052164,-22.10492912
2-8-2019,10530.71,-96.21105533,-21.25947318
3-8-2019,10817.38,-95.3748961,-20.16818164
4-8-2019,10977.97,-92.92824521,-19.01664216
5-8-2019,11808.59,-92.01685721,-17.70255056
6-8-2019,11464.66,-88.82267592,-16.39854983
7-8-2019,11970.46,-90.59267728,-14.93521229
8-8-2019,11947.73,-91.19820479,-13.75971761
9-8-2019,11857.53,-93.10507953,-12.73024428
10-8-2019,11280.77,-98.11507177,-11.93071821
11-8-2019,11530.87,-103.8531795,-11.5680038
12-8-2019,11385.03,-104.7851355,-11.60973752
13-8-2019,10857.92,-107.8031719,-11.58447425
14-8-2019,10020.93,-113.8897169,-11.67341933
15-8-2019,10300.95,-123.969404,-12.09561158
16-8-2019,10357.36,-131.6128292,-13.09262486
17-8-2019,10209.83,-140.2350334,-14.33428885
18-8-2019,10319.71,-147.8509825,-15.83155995
19-8-2019,10922.27,-149.5685038,-17.43175906
20-8-2019,10762.07,-146.4342818,-18.62383404
21-8-2019,10130.55,-148.1674902,-19.09553508
22-8-2019,10122.97,-154.0536858,-19.38575013
23-8-2019,10406.72,-154.1612543,-19.86176043
24-8-2019,10147.5,-149.5275588,-20.01693908
25-8-2019,10136.39,-146.5632511,-19.540765
26-8-2019,10363.61,-147.2410915,-18.70853838
27-8-2019,10173.06,-147.7295793,-17.89737899
28-8-2019,9717.26,-151.1537283,-17.09686421
29-8-2019,9489.4,-158.1707467,-16.54799569
30-8-2019,9580.53,-166.8245835,-16.4891515
31-8-2019,9600.94,-171.3346307,-16.9454725
1-9-2019,9768.02,-175.0791877,-17.46965401
2-9-2019,10386.88,-177.3505277,-17.97996425
3-9-2019,10621.47,-175.2509105,-18.3560696
4-9-2019,10584.28,-172.224623,-18.27406223
5-9-2019,10580.82,-172.9211638,-17.76014677
6-9-2019,10320.7,-175.0972401,-17.21067613
7-9-2019,10483.88,-180.3274389,-16.75763626
8-9-2019,10403.67,-179.5427614,-16.62894411
9-9-2019,10311.49,-176.7192881,-16.27601793
10-9-2019,10095.88,-175.1667617,-15.5887928
11-9-2019,10159.12,-177.1086575,-14.74887022
12-9-2019,10424.17,-180.4285749,-14.07764201
13-9-2019,10363.99,-180.9101012,-13.6561587
14-9-2019,10359.78,-181.7623954,-13.20872335
15-9-2019,10309.05,-178.8274346,-12.7756311
16-9-2019,10266.1,-176.4690458,-12.05659465
17-9-2019,10190.78,-175.2154178,-11.16771633
18-9-2019,10156.94,-170.0126286,-10.24402976
19-9-2019,10265.23,-161.2593203,-8.988565307
20-9-2019,10170.01,-154.6140849,-7.204235912
21-9-2019,9979.65,-150.504478,-5.19405324
22-9-2019,10026.95,-149.6833814,-3.232100412
23-9-2019,9689.03,-150.3780666,-1.592624247
24-9-2019,8536.72,-154.4652719,-0.3454012964
25-9-2019,8435.35,-162.8326458,0.3096590129
26-9-2019,8060.11,-169.817727,0.1518712062
27-9-2019,8193.68,-178.2860225,-0.5306968991
28-9-2019,8219.08,-180.1801248,-1.734958198
29-9-2019,8052.32,-181.1438214,-2.809792639
30-9-2019,8303.79,-184.9072026,-3.696755045
1-10-2019,8323.54,-183.6454973,-4.649753095
2-10-2019,8380.49,-181.6936514,-5.242766489
3-10-2019,8231.22,-177.6614947,-5.491928696
4-10-2019,8154.56,-176.170833,-5.302901643
5-10-2019,8148.04,-170.7606028,-4.975458412
6-10-2019,7859.23,-166.8261927,-4.230628875
7-10-2019,8209.15,-166.1732809,-3.285004599
8-10-2019,8184.08,-160.9293146,-2.454610793
9-10-2019,8589.79,-155.4862166,-1.357722484
10-10-2019,8586.93,-146.7000764,-0.04865718609
11-10-2019,8269.06,-141.3995659,1.678406945
12-10-2019,8307.95,-139.7057714,3.435225468
13-10-2019,8280.48,-139.8041879,4.907619883
14-10-2019,8357.12,-139.3344528,5.997427066
15-10-2019,8161.26,-135.6812968,6.820389598
16-10-2019,7997.91,-135.1245817,7.678855428
17-10-2019,8075.26,-137.6181071,8.308344616
18-10-2019,7956.58,-135.9071205,8.507938454
19-10-2019,7961.17,-137.9098311,8.703847788
20-10-2019,8234.77,-138.3777393,8.598388468
21-10-2019,8213.53,-135.3310518,8.380450306
22-10-2019,8023.59,-132.0946184,8.357237925
23-10-2019,7472.36,-132.6121346,8.501989425
24-10-2019,7438.24,-137.73669,8.477226612
25-10-2019,8666.53,-138.8746411,7.952422537
26-10-2019,9260.75,-133.9983558,7.359848627
27-10-2019,9549.05,-129.8042799,7.200699815
28-10-2019,9220.29,-121.7144633,7.328521478
29-10-2019,9431.46,-116.5342376,7.990492235
30-10-2019,9165.4,-110.6676131,8.831307935
31-10-2019,9152.56,-108.1434508,9.857417824
1-11-2019,9252.34,-105.7897146,10.7503725
2-11-2019,9306.11,-100.7934613,11.51523193
3-11-2019,9205.71,-94.96283711,12.38181458
4-11-2019,9413.55,-91.74797901,13.38477881
5-11-2019,9319.03,-85.48567517,14.27449983
6-11-2019,9343.63,-78.44911675,15.30845933
7-11-2019,9201.34,-70.98575345,16.50540709
8-11-2019,8766.13,-66.19478881,17.85045888
9-11-2019,8810.36,-66.71267983,19.08303556
10-11-2019,9033.99,-65.46705298,19.78994581
11-11-2019,8720.11,-59.61984651,20.21763267
12-11-2019,8812.75,-58.96752548,20.78875841
13-11-2019,8759.36,-57.3600931,21.05134968
14-11-2019,8631.42,-54.6440777,21.14541038
15-11-2019,8458.54,-53.89380387,21.19479352
16-11-2019,8482.64,-57.12799047,21.05179882
17-11-2019,8500.63,-57.8527198,20.44186159
18-11-2019,8170.93,-57.62823951,19.6732217
19-11-2019,8121.97,-61.99330741,18.86472195
20-11-2019,8083.38,-69.36061366,17.66808885
21-11-2019,7615.52,-78.15799717,15.94150471
22-11-2019,7285.16,-90.73410982,13.7053127
23-11-2019,7325.35,-105.4781553,10.79390185
24-11-2019,6908.45,-113.0020632,7.213711351
25-11-2019,7124.66,-124.0151339,3.726313479
26-11-2019,7161.6,-132.4563733,0.07302103778
27-11-2019,7524.39,-135.1564909,-3.463452497
28-11-2019,7431.89,-132.9344488,-6.410118325
29-11-2019,7757.21,-131.1150702,-8.468452938
30-11-2019,7554.92,-125.549066,-9.839466064
1-12-2019,7403.88,-124.4075267,-10.35747924
2-12-2019,7305.5,-124.3546128,-10.55423311
3-12-2019,7299.71,-126.332738,-10.58388779
4-12-2019,7195,-128.3375112,-10.64430657
5-12-2019,7392.79,-132.0550444,-10.7302655
6-12-2019,7542.82,-132.3183998,-10.97188538
7-12-2019,7503.51,-129.7271164,-11.05716137
8-12-2019,7523.33,-126.6080733,-10.79125345
9-12-2019,7338.19,-121.4533907,-10.21113122
10-12-2019,7219.04,-120.58401,-9.229053595
11-12-2019,7202.79,-122.7829091,-8.285092845
12-12-2019,7189.46,-125.6941931,-7.626516201
13-12-2019,7252.35,-126.0000096,-7.255864659
14-12-2019,7065.54,-124.9766225,-6.907175858
15-12-2019,7114.98,-127.6218831,-6.473634649
16-12-2019,6879.29,-128.0906112,-6.271209937
17-12-2019,6613.77,-131.9960604,-6.078539715
18-12-2019,7288.24,-139.620379,-6.169861962
19-12-2019,7150.87,-140.1862092,-6.77930666
20-12-2019,7190.62,-141.7142027,-7.224672218
21-12-2019,7143.56,-141.2572058,-7.61316412
22-12-2019,7511.47,-142.0053272,-7.794322824
23-12-2019,7316.88,-138.3800842,-7.907111292
24-12-2019,7255.15,-138.8337406,-7.616175614
25-12-2019,7193.15,-137.772588,-7.337629653
26-12-2019,7193.44,-139.4215792,-6.95112557
27-12-2019,7244.97,-142.1794986,-6.700637337
28-12-2019,7299.93,-142.4717619,-6.648030297
29-12-2019,7387.96,-141.7544279,-6.554367377
30-12-2019,7216.05,-137.177475,-6.349067881
31-12-2019,7167.07,-135.8234326,-5.750753594
1-1-2020,7175.65,-137.831749,-5.108438408
2-1-2020,6945.7,-136.4048404,-4.707191763
3-1-2020,7335.29,-139.1479491,-4.22535406
4-1-2020,7349.03,-135.7427071,-4.018517193
5-1-2020,7352.69,-128.7976513,-3.539027209
6-1-2020,7761.85,-121.9607802,-2.569006083
7-1-2020,8159.01,-112.4505911,-1.234350165
8-1-2020,8043.82,-103.7022663,0.5840346518
9-1-2020,7814.64,-98.04907697,2.699911522
10-1-2020,8195.22,-94.67049445,4.777848258
11-1-2020,8021.48,-87.85359366,6.620929512
12-1-2020,8178,-81.83101525,8.533285207
13-1-2020,8105.88,-73.01769537,10.41475777
14-1-2020,8817.81,-66.66235814,12.47321612
15-1-2020,8810.45,-56.34037275,14.45080195
16-1-2020,8714.43,-45.97851312,16.65891729
17-1-2020,8898.5,-39.3343703,19.02566407
18-1-2020,8908.33,-29.70209608,21.19315326
19-1-2020,8700.15,-22.96313088,23.41819769
20-1-2020,8627.78,-21.63163971,25.43217334
21-1-2020,8720,-19.5301963,26.82646496
22-1-2020,8659.85,-15.18095095,27.7807805
23-1-2020,8386.28,-13.23158115,28.55882187
24-1-2020,8425.34,-16.3438518,28.99844707
25-1-2020,8327.83,-17.36826369,28.76414383
26-1-2020,8590.48,-20.20243427,28.17105693
27-1-2020,8896.03,-18.36977769,27.15926235
28-1-2020,9398.35,-12.95614716,26.20323335
29-1-2020,9284.64,-4.207852052,25.58745201
30-1-2020,9500.19,3.947839784,25.51127704
31-1-2020,9333.17,14.25607737,25.81146549
1-2-2020,9378.76,18.95320038,26.57481767
2-2-2020,9324.02,25.02933481,27.24473796
3-2-2020,9282.02,31.65414334,27.94382883
4-2-2020,9162.5,36.31494418,28.70157615
5-2-2020,9615.87,40.27321444,29.33997112
6-2-2020,9758.43,47.6110297,29.82153892
7-2-2020,9807.01,56.00166686,30.44434182
8-2-2020,9906.12,63.75051357,31.25468731
9-2-2020,10167.71,70.41188519,32.15153623
10-2-2020,9852.99,79.61015877,33.01918784
11-2-2020,10270.41,85.43149215,34.05645023
12-2-2020,10351.81,94.03643499,34.94539237
13-2-2020,10238.04,104.6783392,35.93005311
14-2-2020,10369.73,111.5086359,37.14097849
15-2-2020,9904.74,120.4458566,38.21131716
16-2-2020,9922.9,121.9398113,39.32738567
17-2-2020,9701.09,119.7623038,39.87279885
18-2-2020,10185.3,114.9565836,39.6720217
19-2-2020,9598.81,115.4277702,38.67925256
20-2-2020,9610.91,110.3083561,37.49824031
21-2-2020,9698.36,103.1345756,35.73722914
22-2-2020,9670.88,99.74018064,33.37799026
23-2-2020,9968.39,94.1941323,30.87842983
24-2-2020,9660.76,92.63615056,28.12577402
25-2-2020,9307.83,86.09575569,25.52432976
26-2-2020,8780.31,74.82809956,22.67354473
27-2-2020,8812.29,60.17497334,19.28279136
28-2-2020,8708.28,51.10053581,15.23756093
29-2-2020,8526.76,39.24124931,11.17068669
1-3-2020,8527.42,26.26021336,6.911047983
2-3-2020,8917.49,12.68498683,2.459441593
3-3-2020,8754.49,5.269603466,-2.13923609
4-3-2020,8757.42,-2.042037061,-6.309350484
5-3-2020,9067.54,-6.928419264,-10.08789747
6-3-2020,9156.31,-6.816773688,-13.3231326
7-3-2020,8899.36,-5.13237259,-15.69712421
8-3-2020,8036.48,-7.311687525,-17.24383637
9-3-2020,7932.88,-14.58358309,-18.43298541
10-3-2020,7887.13,-25.07327563,-19.73468661
11-3-2020,7937.85,-31.4617361,-21.36642586
12-3-2020,4844.81,-41.21170087,-22.91098279
13-3-2020,5635.89,-54.48700197,-24.63778688
14-3-2020,5166.47,-61.41008915,-26.76892195
15-3-2020,5343.14,-71.16741797,-28.68582479
16-3-2020,5037.22,-75.59923676,-30.63913018
17-3-2020,5332.87,-84.45558538,-32.17386917
18-3-2020,5414.05,-87.95062527,-33.71613557
19-3-2020,6185.74,-90.04427097,-34.81904108
20-3-2020,6207.06,-85.92925644,-35.45335713
21-3-2020,6197.83,-84.32641247,-35.21803826
22-3-2020,5824.09,-80.77948854,-34.50446426
23-3-2020,6497.31,-82.78811089,-33.26923755
24-3-2020,6769.96,-79.43668217,-32.0825627
25-3-2020,6691.95,-72.41916694,-30.51986801
26-3-2020,6753.59,-69.40223533,-28.38792801
27-3-2020,6375.8,-64.42088736,-26.15342859
28-3-2020,6253.68,-62.98487015,-23.70733515
29-3-2020,5876.45,-65.88729082,-21.40615703
30-3-2020,6406.07,-72.88456377,-19.59082703
31-3-2020,6424.03,-73.24794907,-18.50348966
1-4-2020,6661.81,-72.13754348,-17.46970918
2-4-2020,6802.83,-66.77259873,-16.37210285
3-4-2020,6741.01,-56.99684771,-14.89760539
4-4-2020,6874.45,-48.49873609,-12.79276707
5-4-2020,6777.02,-37.23549671,-10.31997866
6-4-2020,7343.61,-31.36438929,-7.366510201
7-4-2020,7202.69,-21.63291024,-4.500239901
8-4-2020,7368.77,-16.54947084,-1.427001424
9-4-2020,7299.13,-7.965522538,1.402585158
10-4-2020,6873.54,-1.231558861,4.288273254
11-4-2020,6888.7,-0.7130018608,7.037453073
12-4-2020,6906.54,-2.511210354,9.152536361
13-4-2020,6862.78,-0.0812623004,10.56190366
14-4-2020,6876.89,-1.848390141,11.73958724
15-4-2020,6622.36,-3.495182231,12.38752187
16-4-2020,7114.92,-9.630853294,12.6226266
17-4-2020,7033,-9.573837524,12.17352262
18-4-2020,7262.19,-10.12235959,11.68747919
19-4-2020,7130.28,-6.585873897,11.12972854
20-4-2020,6840.3,-6.974388996,10.84802272
21-4-2020,6854.97,-12.8168372,10.47269618
22-4-2020,7137.14,-19.09318596,9.593225723
23-4-2020,7507.54,-20.30913796,8.29418001
24-4-2020,7510.88,-17.89237097,7.084889563
25-4-2020,7548.32,-11.68171308,6.249490829
26-4-2020,7703.13,-3.858331749,6.01919398
27-4-2020,7790.81,5.504811208,6.394254572
28-4-2020,7761.97,12.33763464,7.362153852
29-4-2020,8788.73,21.17287077,8.581648846
30-4-2020,8627.93,33.37599357,10.14410223
1-5-2020,8827.04,39.29764385,12.22611281
2-5-2020,8982.37,48.31902689,14.19037111
3-5-2020,8908.39,57.74557452,16.28726078
4-5-2020,8884.48,61.27140513,18.49648856
5-5-2020,9028.66,63.43449354,20.29784167
6-5-2020,9157.7,62.72162192,21.65039783
7-5-2020,10002.45,61.65336884,22.4064974
8-5-2020,9806.61,63.28660588,22.65832163
9-5-2020,9541.09,64.92145078,22.72769205
10-5-2020,8726.06,62.64949618,22.65345202
11-5-2020,8571.67,55.34858777,22.15588922
12-5-2020,8823.31,45.78442841,20.9311634
13-5-2020,9316.36,41.73301028,18.97013572
14-5-2020,9790.24,41.01524299,16.89434409
15-5-2020,9311.14,41.351336,15.01822569
16-5-2020,9387.12,38.58679911,13.40399532
17-5-2020,9670.71,36.98504633,11.76599998
18-5-2020,9726.32,37.58548274,10.22080967
19-5-2020,9782.04,40.26578872,8.941612087
20-5-2020,9512.66,41.01098165,8.051306624
21-5-2020,9059.71,39.29792696,7.321466662
22-5-2020,9168.7,33.59163583,6.529565273
23-5-2020,9179.71,32.79965899,5.379516
24-5-2020,8716.09,31.51338077,4.35399758
25-5-2020,8898.92,25.51090624,3.398301437
26-5-2020,8842.33,24.30609626,2.131979695
27-5-2020,9210.61,21.3093135,1.019441012
28-5-2020,9556.08,21.69537794,-0.1028832589
29-5-2020,9424.54,24.7718464,-0.9502275242
30-5-2020,9701.15,26.23322797,-1.357856145
31-5-2020,9448.95,31.50640334,-1.545171706
1-6-2020,10206.93,31.11229652,-1.253667952
2-6-2020,9523.35,34.97463397,-1.042433727
3-6-2020,9666.65,33.45691959,-0.5569505481
4-6-2020,9791.94,35.34684945,-0.2913104527
5-6-2020,9618.7,38.8408655,0.07089554234
6-6-2020,9671.78,40.18890516,0.6325921687
7-6-2020,9752.59,40.8953948,1.172994773
8-6-2020,9782.51,41.24982674,1.639377813
9-6-2020,9780.19,41.50147717,2.014369035
10-6-2020,9893.44,43.56399117,2.305284482
11-6-2020,9266.27,46.46448094,2.671469673
12-6-2020,9464.24,43.46693756,3.159300905
13-6-2020,9474.35,45.04156354,3.266381163
14-6-2020,9329.7,48.1175212,3.438663424
15-6-2020,9430.55,46.56173765,3.779830896
16-6-2020,9527.86,42.35359429,3.879944263
17-6-2020,9456.34,40.89872402,3.578472425
18-6-2020,9376.19,39.30517657,3.1854382
19-6-2020,9301.53,35.50102788,2.714083519
20-6-2020,9357.66,28.32583588,2.010393961
21-6-2020,9285.97,23.9042778,0.8637797726
22-6-2020,9688.89,19.15918452,-0.3971252052
23-6-2020,9622.51,18.3611941,-1.759014037
24-6-2020,9287.61,18.54196658,-2.869632568
25-6-2020,9238.85,13.95867749,-3.692652329
26-6-2020,9154.74,6.425032184,-4.661005377
27-6-2020,9004.28,-3.093499447,-5.967544223
28-6-2020,9116.24,-14.16151623,-7.682492632
29-6-2020,9186.57,-20.29900274,-9.821482125
30-6-2020,9134.02,-23.19019843,-11.87500293
1-7-2020,9236.39,-28.39135948,-13.57919578
2-7-2020,9093.3,-29.94153513,-15.17454838
3-7-2020,9064.36,-32.16236737,-16.37519991
4-7-2020,9140.57,-36.04550683,-17.30642975
5-7-2020,9078.89,-36.13050327,-18.14856762
6-7-2020,9347.49,-39.96766246,-18.60832131
7-7-2020,9256.95,-38.99373498,-19.06256471
8-7-2020,9439.26,-37.61119805,-19.123524
9-7-2020,9237.5,-32.88621272,-18.84306438
10-7-2020,9288.23,-30.32705894,-18.03167337
11-7-2020,9237.31,-30.5324869,-16.98632999
12-7-2020,9302.39,-28.20060511,-15.99013978
13-7-2020,9236.43,-27.01098289,-14.84140599
14-7-2020,9254.75,-27.20394072,-13.67736942
15-7-2020,9192.06,-27.07803969,-12.62490014
16-7-2020,9131.84,-27.78014385,-11.64639906
17-7-2020,9154.58,-31.08668193,-10.80305297
18-7-2020,9176.77,-32.70347831,-10.28296943
19-7-2020,9213.99,-32.66746157,-9.887286953
20-7-2020,9163.5,-32.91846968,-9.461730545
21-7-2020,9393.93,-34.913629,-9.040514855
22-7-2020,9536.01,-33.69006181,-8.76663476
23-7-2020,9615.29,-29.2206013,-8.35454517
24-7-2020,9551.66,-25.99824929,-7.579936303
25-7-2020,9712.85,-26.05828681,-6.629614251
26-7-2020,9942.85,-23.9244672,-5.814298096
27-7-2020,11046.51,-23.42556883,-4.939038597
28-7-2020,10936.35,-23.12702261,-4.157210474
29-7-2020,11111.1,-21.60127023,-3.473475803
30-7-2020,11128.72,-20.83388532,-2.776490034
31-7-2020,11354.08,-19.11874154,-2.137561761
1-8-2020,11812.85,-16.60183963,-1.475796667
2-8-2020,11066.14,-11.41201904,-0.7397230468
3-8-2020,11236.74,-10.56280208,0.2594054842
4-8-2020,11196.04,-6.429047305,1.106986108
5-8-2020,11755.66,-2.407681473,2.088187991
6-8-2020,11773.82,3.497484984,3.153931607
7-8-2020,11606.64,9.483775142,4.42404109
8-8-2020,11775.35,12.30949461,5.846263506
9-8-2020,11687.82,17.81879755,7.119329762
10-8-2020,11900.03,22.39501784,8.475102934
11-8-2020,11390.43,29.05057136,9.805790622
12-8-2020,11570.85,30.45067702,11.26753265
13-8-2020,11795.95,36.55037424,12.39605653
14-8-2020,11777.64,43.73772376,13.6255476
15-8-2020,11859.09,49.21907924,15.006897
16-8-2020,11918.04,53.31440304,16.35539117
17-8-2020,12305.01,59.60419314,17.55220996
18-8-2020,11956.14,64.53880297,18.79161295
19-8-2020,11759.73,65.39006062,19.94214984
20-8-2020,11857.67,61.04579587,20.68421325
21-8-2020,11529.71,60.6810808,20.6833334
22-8-2020,11673.45,56.82070427,20.41784248
23-8-2020,11650.99,56.69083907,19.66920454
24-8-2020,11760.61,54.9512104,18.84815475
25-8-2020,11327.78,55.7439321,17.85131454
26-8-2020,11470.09,52.09784975,16.93011764
27-8-2020,11320.96,52.17482036,15.7245908
28-8-2020,11538.18,47.83461639,14.6070322
29-8-2020,11476.07,48.33942917,13.2187631
30-8-2020,11713.08,50.58420722,12.02071667
31-8-2020,11657.27,53.40543168,11.1241587
1-9-2020,11925.94,54.80541169,10.52001114
2-9-2020,11397.77,56.58322781,10.0384693
3-9-2020,10171.66,53.27520472,9.688614519
4-9-2020,10470.58,45.63532921,9.040212323
5-9-2020,10166.63,38.62991927,7.819733784
6-9-2020,10258.09,26.90200443,6.215568507
7-9-2020,10378.37,20.99498749,3.952351014
8-9-2020,10126.6,13.99437333,1.662918851
9-9-2020,10230.27,4.393736617,-0.7082000006
10-9-2020,10346.98,0.5180838082,-3.323706303
11-9-2020,10397.12,-0.7433294998,-5.644184042
12-9-2020,10446.54,-1.363260968,-7.498526534
13-9-2020,10335.13,0.06837419437,-8.9153589
14-9-2020,10678.52,-3.55305935,-9.809608701
15-9-2020,10785.19,-3.776759471,-10.68733064
16-9-2020,10955.38,-7.794279015,-11.2710566
17-9-2020,10944.91,-10.93542657,-11.92043256
18-9-2020,10935.27,-14.61157033,-12.54393338
19-9-2020,11081.26,-19.32675513,-13.18273401
20-9-2020,10921.11,-21.3067441,-13.90912834
21-9-2020,10415.95,-27.23824068,-14.47767996
22-9-2020,10535.13,-36.71861879,-15.23130639
23-9-2020,10234.52,-43.68588872,-16.4044478
24-9-2020,10749.99,-54.56961481,-17.69242401
25-9-2020,10691.84,-58.74749227,-19.36811659
26-9-2020,10731.06,-59.97097978,-20.79353984
27-9-2020,10777.98,-58.96234644,-21.77096117
28-9-2020,10694.37,-60.45029294,-22.2081842
29-9-2020,10841.27,-62.36537547,-22.41634973
30-9-2020,10779.2,-61.93608389,-22.47675552
1-10-2020,10621.26,-62.00449891,-22.23369115
2-10-2020,10575.67,-65.79811099,-21.79533831
3-10-2020,10553.77,-73.1577985,-21.50614388
4-10-2020,10673.18,-79.52968207,-21.62158037
5-10-2020,10796.15,-83.62513385,-21.97392068
6-10-2020,10605.93,-86.65375919,-22.32625845
7-10-2020,10670.07,-94.6551048,-22.589476
8-10-2020,10930.36,-99.1681195,-23.17655463
9-10-2020,11056.84,-97.97604622,-23.73240881
10-10-2020,11302.1,-91.51208306,-23.80235813
11-10-2020,11375.27,-84.97297389,-23.070266
12-10-2020,11535.7,-77.00231041,-21.71214219
13-10-2020,11428.79,-68.84752133,-19.76481686
14-10-2020,11429.41,-64.57607879,-17.36337005
15-10-2020,11506.9,-63.64625476,-14.94327961
16-10-2020,11325.5,-65.47816368,-12.80272958
17-10-2020,11367.02,-70.96219473,-11.1258956
18-10-2020,11513.13,-73.44137004,-10.12281851
19-10-2020,11760.85,-72.93899781,-9.419341119
20-10-2020,11923.34,-74.08991431,-8.720765422
21-10-2020,12811.11,-79.44863808,-8.165877341
22-10-2020,12985.93,-79.27824345,-8.065554076
23-10-2020,12940.13,-74.88130456,-7.881445347
24-10-2020,13127.42,-72.69265502,-7.296630616
25-10-2020,13042.12,-69.30303613,-6.580696825
26-10-2020,13071.82,-69.60353654,-5.674389393
27-10-2020,13663.92,-73.25758644,-4.923625603
28-10-2020,13286.15,-75.16065091,-4.570801822
29-10-2020,13466.42,-81.45710752,-4.394095434
30-10-2020,13570.48,-89.67843212,-4.707856536
31-10-2020,13809.86,-99.30441222,-5.555862136
1-11-2020,13768.19,-107.0832429,-6.924823772
2-11-2020,13569.9,-111.9438666,-8.538990193
3-11-2020,14037.95,-120.3851203,-10.09408213
4-11-2020,14162.73,-129.7456064,-11.87080309
5-11-2020,15610.24,-137.6452337,-13.87424657
6-11-2020,15601.63,-139.7563286,-15.91595465
7-11-2020,14838.97,-136.2076728,-17.50261151
8-11-2020,15484.18,-137.0376735,-18.26317513
9-11-2020,15336.35,-132.5072754,-18.71714184
10-11-2020,15315.85,-131.2163885,-18.49811372
11-11-2020,15708.31,-125.9017379,-18.01272905
12-11-2020,16308.4,-121.1733427,-17.00320791
13-11-2020,16342.14,-119.7698379,-15.64130988
14-11-2020,16084.31,-113.9161318,-14.28408671
15-11-2020,15969.75,-111.8867721,-12.5909913
16-11-2020,16724.3,-112.8373755,-10.95911872
17-11-2020,17683.04,-109.5310943,-9.631527444
18-11-2020,17792.58,-102.7017081,-8.2178819
19-11-2020,17825.94,-99.79421407,-6.471879433
20-11-2020,18682.28,-98.05447537,-4.798238327
21-11-2020,18719.77,-91.52186613,-3.293517697
22-11-2020,18442.99,-81.62401564,-1.555952732
23-11-2020,18390.13,-75.89837314,0.6126911143
24-11-2020,19169.9,-66.56859666,2.761535227
25-11-2020,18727.64,-56.30393453,5.157887737
26-11-2020,17167.14,-50.99126848,7.795425997
27-11-2020,17152.92,-50.83912239,10.19683901
28-11-2020,17740.03,-51.59998162,11.97422166
29-11-2020,18197.32,-48.13765608,13.16960424
30-11-2020,19709.54,-42.88181921,14.2322735
1-12-2020,18779.14,-34.01880932,15.32192701
2-12-2020,19228.52,-30.41598156,16.70805603
3-12-2020,19449.88,-22.42862365,17.89105441
4-12-2020,18667.31,-14.33242926,19.25118649
5-12-2020,19159.9,-12.68366065,20.74328056
6-12-2020,19382.27,-6.055684915,21.80743517
7-12-2020,19178.09,-2.103626978,22.92138416
8-12-2020,18317.92,-1.059239044,23.84818775
9-12-2020,18551.52,-5.706130903,24.3858547
10-12-2020,18247.86,-6.995832525,24.15851002
11-12-2020,18035.19,-12.80868799,23.60219814
12-12-2020,18814.74,-22.0597757,22.43366676
13-12-2020,19164.8,-25.10429656,20.5245179
14-12-2020,19276.62,-24.22698015,18.55198059
15-12-2020,19442.24,-23.60087945,16.86511215
16-12-2020,21370.88,-21.8926987,15.40124193
17-12-2020,22824.13,-16.56788039,14.21508746
18-12-2020,23139.1,-13.27746108,13.54854069
19-12-2020,23856.96,-7.342905001,13.1344017
20-12-2020,23479,-2.377284764,13.13366593
21-12-2020,22729.94,-1.664932775,13.37953591
22-12-2020,23834.14,-5.292686898,13.47652155
23-12-2020,23234.97,-6.913092977,13.10953536
24-12-2020,23725.27,-13.50911445,12.54335099
25-12-2020,24705.61,-13.62630697,11.43063672
26-12-2020,26458.97,-12.90351478,10.41923969
27-12-2020,26259.12,-12.56614961,9.565755464
28-12-2020,27037.98,-10.86001139,8.814972105
29-12-2020,27370.36,-5.992102891,8.262398197
30-12-2020,28889.29,-4.545220347,8.123634722
31-12-2020,28980.45,-4.130549406,8.037760696
1-1-2021,29404.04,-4.100492743,7.911961227
2-1-2021,32223.72,-2.099431569,7.725633272
3-1-2021,33096.32,-1.123166845,7.651237238
4-1-2021,32028.22,2.472015591,7.583634828
5-1-2021,34052.65,5.888396759,7.731041968
6-1-2021,36873.24,12.43482094,8.030960681
7-1-2021,39501.26,21.92469977,8.696640681
8-1-2021,40658.63,29.48378293,9.876105196
9-1-2021,40252.75,34.25424038,11.29064266
10-1-2021,38173.35,41.71657056,12.65077953
11-1-2021,35458.73,45.04314028,14.16753099
12-1-2021,34034.27,42.41700195,15.45978308
13-1-2021,37399.41,38.31442893,16.08655891
14-1-2021,39139.71,39.67001711,16.06702921
15-1-2021,36760.66,41.58555519,15.9767662
16-1-2021,36010.05,41.17027273,15.87678237
17-1-2021,35822.64,42.76421513,15.58438751
18-1-2021,36625.12,44.16807506,15.30485547
19-1-2021,35915.73,47.7023952,15.0234234
20-1-2021,35502.5,48.3405872,14.91366116
21-1-2021,30839.85,48.49939868,14.70861875
22-1-2021,33001.77,42.64754577,14.39302212
23-1-2021,32111.97,42.58583407,13.51492228
24-1-2021,32291.01,43.17500166,12.66801325
25-1-2021,32271.49,45.9177252,11.90711483
26-1-2021,32513.14,44.68802546,11.39406848
27-1-2021,30427.47,43.36805232,10.76416646
28-1-2021,33460.75,37.47749529,10.04268791
29-1-2021,34257.67,37.20854181,8.89307837
30-1-2021,34321.56,37.84740414,7.869586533
31-1-2021,33138.72,39.15925468,7.028986942
1-2-2021,33538.67,37.53995087,6.39494415
2-2-2021,35514.35,39.62260663,5.696134888
3-2-2021,37688.87,43.76002453,5.249859317
4-2-2021,36987.58,50.83357697,5.170436189
5-2-2021,38309.94,55.18215669,5.613559731
6-2-2021,39273.03,63.27914183,6.243659353
7-2-2021,38868.57,67.34052868,7.31208768
8-2-2021,46431.25,69.03117205,8.389832041
9-2-2021,46507.43,74.78637654,9.273474165
10-2-2021,44851.22,83.78800476,10.31921038
11-2-2021,47987.33,92.12031712,11.73900015
12-2-2021,47438.89,102.2387029,13.38227916
13-2-2021,47230.78,114.1335894,15.32440854
14-2-2021,48660.45,123.9879098,17.62026258
15-2-2021,47935.8,128.7482744,20.00430754
16-2-2021,49184.53,129.029505,22.0239239
17-2-2021,52161.06,128.5796699,23.37769387
18-2-2021,51591.85,131.0070228,24.13604312
19-2-2021,55970.91,134.2822347,24.64877175
20-2-2021,55951.42,138.26599,25.030855
21-2-2021,57492.04,138.935631,25.36274851
22-2-2021,54157.43,141.2683562,25.38716352
23-2-2021,48910.76,138.2113548,25.30306603
24-2-2021,49748.15,129.561422,24.70496029
25-2-2021,47074.97,125.7727826,23.26479779
26-2-2021,46329.39,116.8594923,21.56911181
27-2-2021,46167.64,106.4091919,19.28374936
28-2-2021,45238.64,99.39699939,16.43982319
1-3-2021,49638.74,88.35945003,13.46495032
2-3-2021,48502.02,83.63540834,10.10027446
3-3-2021,50383.17,77.13303591,6.972182941
4-3-2021,48356.74,75.24270257,3.923236137
5-3-2021,48754.17,70.40511432,1.338955085
6-3-2021,48902.95,65.07181105,-1.086929761
7-3-2021,50977.29,60.84133796,-3.400613821
8-3-2021,52408.41,60.57493705,-5.512049455
9-3-2021,54923.07,62.29914984,-7.124744119
10-3-2021,55858.52,68.11671629,-8.169513629
11-3-2021,57804.96,69.80501229,-8.430885994
12-3-2021,57241.36,70.95434057,-8.404907557
13-3-2021,61173.21,68.63710481,-8.19708735
14-3-2021,58997.37,70.36754297,-8.125701867
15-3-2021,55628.83,67.95009015,-7.839131827
16-3-2021,56917.68,63.1982778,-7.718121544
17-3-2021,58917.35,60.57434711,-7.91441907
18-3-2021,57640.26,60.9828749,-8.187337027
19-3-2021,58090,59.28211205,-8.27526954
20-3-2021,58117.48,61.18640951,-8.385530858
21-3-2021,57378.63,60.86351206,-8.224446556
22-3-2021,54095.6,58.63797744,-8.030273221
23-3-2021,54364.58,53.09681572,-7.964165555
24-3-2021,52289.62,47.34849863,-8.263642074
25-3-2021,51324.12,37.95180528,-8.862657324
26-3-2021,55069.43,26.68273371,-9.980566093
27-3-2021,55853.07,22.46912411,-11.64163917
28-3-2021,55786.55,18.10900255,-13.14650986
29-3-2021,57610.73,15.14541386,-14.52353778
30-3-2021,58774.23,16.59067872,-15.67330705
31-3-2021,58793.16,18.79828705,-16.28021845
1-4-2021,58728.87,20.146661,-16.39408378
2-4-2021,59004.07,22.85364768,-16.18890474
3-4-2021,57091.57,27.80871332,-15.62772104
4-4-2021,58210.95,28.06111114,-14.61467762
5-4-2021,59121.72,33.69146598,-13.6342993
6-4-2021,58022.62,39.3918223,-12.26167488
7-4-2021,55940.09,44.3235281,-10.59179342
8-4-2021,58075.7,41.87337919,-8.769365111
9-4-2021,58108.46,33.12399524,-7.437054352
10-4-2021,59776.6,25.13251224,-7.006424936
11-4-2021,59975.28,17.82899198,-7.226689137
12-4-2021,59839.58,11.95019746,-7.899522373
13-4-2021,63589.92,4.618937426,-8.805611538
14-4-2021,62974.78,-0.6175243315,-9.999991468
15-4-2021,63237.22,-4.636751249,-11.23952265
16-4-2021,61438.79,-4.395146245,-12.40320167
17-4-2021,60061.09,-5.311737973,-13.15429565
18-4-2021,56271.87,-7.914004948,-13.66597151
19-4-2021,55700.79,-15.24451292,-14.11870784
20-4-2021,56501.88,-25.58101442,-14.8972887
21-4-2021,53806.58,-31.13595786,-16.16208251
22-4-2021,51704.11,-39.67489445,-17.41196394
23-4-2021,51187.55,-51.6224505,-18.87395756
24-4-2021,50107.29,-63.9246384,-20.75738772
25-4-2021,49123.22,-79.16852561,-22.97782932
26-4-2021,54059.85,-91.25134628,-25.67167253
27-4-2021,55080.83,-95.57104096,-28.45355051
28-4-2021,54895.47,-93.83166444,-30.65341859
29-4-2021,53590.85,-95.12047894,-31.88888156
30-4-2021,57789.06,-98.49195267,-32.59624223
1-5-2021,57859.95,-96.12724269,-33.04792452
2-5-2021,56625.77,-91.66991918,-32.83655429
3-5-2021,57209.99,-90.24569771,-31.94117512
4-5-2021,53239.42,-87.02189961,-30.76205212
5-5-2021,57511.91,-88.67558248,-29.23050403
6-5-2021,56439.8,-84.49124315,-27.82937976
7-5-2021,57384.81,-81.33631655,-26.08069544
8-5-2021,58969.93,-77.77731246,-24.16175266
9-5-2021,58303.4,-75.29061713,-22.0990507
10-5-2021,55879.42,-74.63317929,-20.03276377
11-5-2021,56759.91,-78.14304376,-18.13313921
12-5-2021,49459.76,-75.69840241,-16.7181731
13-5-2021,49685.12,-78.37488178,-15.2240468
14-5-2021,49890.04,-77.31653697,-14.09344995
15-5-2021,46756.41,-71.17020921,-12.9626192
16-5-2021,46456.47,-70.60438767,-11.4386132
17-5-2021,43577.18,-70.31272805,-10.06910007
18-5-2021,42879.03,-74.95693517,-8.858105829
19-5-2021,36752.98,-75.19808732,-8.178852151
20-5-2021,40612.64,-81.17342171,-7.572704259
21-5-2021,37335.31,-80.42160524,-7.488168293
22-5-2021,37485.48,-84.72183387,-7.276627196
23-5-2021,34730.79,-92.72005992,-7.371003524
24-5-2021,38853.51,-105.2400826,-7.998980178
25-5-2021,38384.48,-109.8636414,-9.398576459
26-5-2021,39294.97,-114.5126056,-10.75685086
27-5-2021,38536.28,-112.1600468,-12.06929832
28-5-2021,35685.2,-114.2329484,-12.77235875
29-5-2021,34619.36,-120.6792544,-13.3429953
30-5-2021,35676.71,-130.7325894,-14.15225352
31-5-2021,37308.48,-134.4196677,-15.42698394
1-6-2021,36685.25,-131.045161,-16.54402417
2-6-2021,37580.45,-130.9498717,-16.96147084
3-6-2021,39229.33,-125.2587897,-17.08763565
4-6-2021,36864.89,-114.5117604,-16.53776239
5-6-2021,35536.97,-109.9956313,-15.0611726
6-6-2021,35803.2,-110.5295025,-13.37240195
7-6-2021,33584.46,-106.4784546,-11.93948702
8-6-2021,33412.17,-108.5275561,-10.35760982
9-6-2021,37401.73,-111.6820398,-9.163672988
10-6-2021,36685.77,-108.965853,-8.375462802
11-6-2021,37336.58,-111.0438237,-7.445796464
12-6-2021,35546.66,-116.6104092,-6.798337066
13-6-2021,39026.53,-123.6319276,-6.657652488
14-6-2021,40534.77,-123.9623059,-7.031679967
15-6-2021,40174.73,-119.3701075,-7.270943297
16-6-2021,38349.05,-117.5920672,-7.009211357
17-6-2021,38078.72,-120.229022,-6.582435687
18-6-2021,35828.59,-121.4276131,-6.383409147
19-6-2021,35496.73,-127.3904101,-6.250345369
20-6-2021,35592.3,-136.0967892,-6.550528833
21-6-2021,31628.71,-141.6053992,-7.405591377
22-6-2021,32531.08,-152.0523734,-8.430551242
23-6-2021,33676.21,-163.0694142,-9.970884681
24-6-2021,34666.66,-166.6187768,-11.94292257
25-6-2021,31594.51,-165.4655277,-13.63500486
26-6-2021,32275.45,-169.5973118,-14.71332861
27-6-2021,34690.98,-170.0271404,-15.7200969
28-6-2021,34488.35,-164.5896479,-16.36401739
29-6-2021,35907.58,-156.2627832,-16.24826888
30-6-2021,35041.11,-143.0071398,-15.30816597
1-7-2021,33534.25,-128.7036687,-13.33973582
2-7-2021,33809.23,-121.0758223,-10.50448105
3-7-2021,34684.71,-113.2937743,-7.554929239
4-7-2021,35293.32,-101.7187941,-4.537140608
5-7-2021,33697.25,-87.55873179,-1.197710746
6-7-2021,34232.39,-79.45922459,2.561878427
7-7-2021,33882.75,-68.48198955,6.124344838
8-7-2021,32883.22,-59.39918339,9.721334767
9-7-2021,33818.17,-56.98152793,13.15325917
10-7-2021,33519.4,-51.27466462,15.88505553
11-7-2021,34251.96,-50.2840629,18.29957392
12-7-2021,33103.19,-44.33081785,20.0617708
13-7-2021,32724.84,-44.36427898,21.68868796
14-7-2021,32819.08,-49.11620659,22.71350436
15-7-2021,31856.78,-53.87866341,22.87850868
16-7-2021,31394.39,-62.5263104,22.36715075
17-7-2021,31527.11,-74.35255677,21.02177709
18-7-2021,31784.15,-83.33737436,18.78474074
19-7-2021,30830.16,-88.94784627,16.10126822
20-7-2021,29792.02,-99.24520026,13.36778324
21-7-2021,32135.38,-112.1983517,10.2523832
22-7-2021,32291.64,-117.1574441,6.661406609
23-7-2021,33654.65,-116.0568206,3.37645283
24-7-2021,34289.22,-109.7806432,0.8520920211
25-7-2021,35428.27,-99.81074802,-0.6347302654
26-7-2021,37268.7,-90.23257364,-0.9970668544
27-7-2021,39484.85,-79.33721141,-0.5055153215
28-7-2021,40026.43,-65.27013039,0.7545099637
29-7-2021,40029.92,-54.1615652,2.855271167
30-7-2021,42228.51,-40.23807388,5.354781342
31-7-2021,41493.87,-23.67743816,8.362769746
1-8-2021,39867.67,-7.444847172,11.94522995
2-8-2021,39156.3,3.026102623,15.91078033
3-8-2021,38180.29,13.71849445,19.67166304
4-8-2021,39728.13,19.04675725,23.24699939
5-8-2021,40889.91,28.56204842,26.20831238
6-8-2021,42839.72,39.40967239,28.98881374
7-8-2021,44624.2,52.74220278,31.70224989
8-8-2021,43842.62,68.03266552,34.53044588
9-8-2021,46291.18,75.4207081,37.57251161
10-8-2021,45599.3,86.91524122,40.11707919
11-8-2021,45553.76,98.9633511,42.57045439
12-8-2021,44424.67,112.8245286,44.96858385
13-8-2021,47838.41,120.1665729,47.44073266
14-8-2021,47115.08,131.1980482,49.42265641
15-8-2021,47022.28,138.7288296,51.29222824
16-8-2021,45917.81,142.2288638,52.77321177
17-8-2021,44680.96,141.665109,53.6113274
18-8-2021,44714.75,136.3296334,53.6120435
19-8-2021,46764.05,131.0410138,52.5760191
20-8-2021,49343.17,130.7188993,50.74327798
21-8-2021,48872.54,134.5447571,48.70340297
22-8-2021,49288.9,133.9980021,46.8553824
23-8-2021,49530.47,134.8153967,44.82992278
24-8-2021,47713.01,138.1950524,42.79734718
25-8-2021,49000.26,134.5485431,40.98675652
26-8-2021,46858.64,135.5128951,38.81022741
27-8-2021,49084.03,130.1147119,36.73961613
28-8-2021,48925.03,130.303552,34.26803295
29-8-2021,48800.07,127.8683527,31.95615266
30-8-2021,46995.62,123.8017758,29.58641684
31-8-2021,47140.64,114.960704,27.06821978
1-9-2021,48852.32,109.8816443,24.08153293
2-9-2021,49282.96,109.8445004,21.06193554
3-9-2021,50022.65,108.31838,18.45316899
4-9-2021,49945.57,108.9268155,16.07722927
5-9-2021,51791.64,110.657254,14.0810579
6-9-2021,52698.06,115.5383529,12.49467876
7-9-2021,46878.23,117.388861,11.49877503
8-9-2021,46077.86,112.9389614,10.73508728
9-9-2021,46392.36,108.0244626,9.659441495
10-9-2021,44853.19,106.6373041,8.314580181
11-9-2021,45164.76,100.2729574,7.055504344
12-9-2021,46038.89,97.38493641,5.480947131
13-9-2021,44961.89,97.98361404,3.954475308
14-9-2021,47130.1,93.8604256,2.761214115
15-9-2021,48150.23,94.22065763,1.465940722
16-9-2021,47765.91,98.11241298,0.4631559665
17-9-2021,47291.06,97.20416201,-0.01732631755
18-9-2021,48315.18,90.69644688,-0.4660281697
19-9-2021,47249.35,88.73372847,-1.331398313
20-9-2021,43011.93,82.46679585,-2.150792363
21-9-2021,40685.64,70.95109475,-3.268183553
22-9-2021,43575.32,55.50527509,-5.025019661
23-9-2021,44897.02,47.57643317,-7.576338184
24-9-2021,42844.64,44.71425143,-10.12139464
25-9-2021,42712.16,37.19837504,-12.2283634
26-9-2021,43194.81,26.74116912,-14.33932492
27-9-2021,42177.77,15.92141247,-16.6639941
28-9-2021,41038.12,1.645773742,-19.15852754
29-9-2021,41533.7,-15.81326598,-22.03340067
30-9-2021,43821.91,-26.60681835,-25.42744518
1-10-2021,48166.92,-31.14741127,-28.65784952
2-10-2021,47670.62,-29.6190209,-31.22442045
3-10-2021,48235.6,-26.10929177,-32.7575099
4-10-2021,49241.84,-20.82306664,-33.305365
5-10-2021,51501.91,-20.04436855,-32.93335472
6-10-2021,55340.09,-16.12349959,-32.20446641
7-10-2021,53798.51,-14.63567886,-30.95362174
8-10-2021,53957.73,-14.03555348,-29.50218086
9-10-2021,54966.97,-13.89740825,-27.98093163
10-10-2021,54696.93,-11.05494678,-26.45917855
11-10-2021,57493.04,-13.91450722,-24.7386437
12-10-2021,56007.44,-17.0349986,-23.33683754
13-10-2021,57376.32,-23.36298347,-22.22153757
14-10-2021,57356.92,-24.80173536,-21.59928667
15-10-2021,61668.59,-24.85299929,-20.98039468
16-10-2021,60871.46,-25.71770468,-20.2605044
17-10-2021,61532.17,-26.77357901,-19.53457821
18-10-2021,62048.75,-30.4876234,-18.82744563
19-10-2021,64280.36,-36.25583298,-18.35514364
20-10-2021,66023.1,-40.25151274,-18.23607312
21-10-2021,62210.01,-38.4117011,-18.25370944
22-10-2021,60693.44,-40.19174339,-17.91274199
23-10-2021,61316.56,-40.35786057,-17.58346611
24-10-2021,60875.3,-37.74324119,-17.13835656
25-10-2021,63087.9,-38.96416515,-16.38574148
26-10-2021,60319.11,-35.15837405,-15.70674933
27-10-2021,58473.77,-32.47377052,-14.69218527
28-10-2021,60600.14,-35.26120539,-13.51571017
29-10-2021,62279.4,-32.41329592,-12.66230471
30-10-2021,61899.59,-26.26140657,-11.62219877
31-10-2021,61357.63,-22.61537389,-10.18410524
1-11-2021,60947.1,-19.03007881,-8.650483994
2-11-2021,63266.1,-15.11464087,-7.064341427
3-11-2021,62937.09,-7.436507953,-5.428789192
4-11-2021,61450.85,-0.4796615108,-3.473006449
5-11-2021,61016.16,2.725700768,-1.346157502
6-11-2021,61543.76,4.207517275,0.5912163846
7-11-2021,63312.77,4.908293064,2.220571984
8-11-2021,67556.46,8.337775162,3.527729318
9-11-2021,66947.12,13.38315374,4.78523031
10-11-2021,64936.26,16.88489692,6.118399689
11-11-2021,64822.07,14.84932312,7.372521596
12-11-2021,64153.33,17.28952116,8.108696443
13-11-2021,64406.96,15.04430315,8.787724485
14-11-2021,65502.47,15.3042805,9.040475793
15-11-2021,63617.41,14.70489998,9.15621389
16-11-2021,60127.29,10.77376541,9.094733739
17-11-2021,60348.1,2.513636787,8.62932706
18-11-2021,56912.31,-3.006481108,7.507424648
19-11-2021,58067.6,-12.65628924,6.102535294
20-11-2021,59739.22,-15.48873348,4.162508682
21-11-2021,58794.32,-15.37816938,2.369158847
22-11-2021,56312.41,-17.45188597,0.945933647
23-11-2021,57573.43,-23.78279395,-0.3453333868
24-11-2021,57180.33,-25.42194605,-1.858104112
25-11-2021,58971.93,-29.9414511,-3.152906937
26-11-2021,53871.29,-29.9010604,-4.491953348
27-11-2021,54775.66,-35.46216078,-5.486651383
28-11-2021,57322.77,-36.28473055,-6.647067807
29-11-2021,57838.79,-34.85174378,-7.546094014
30-11-2021,57014.33,-30.89742111,-8.050151568
1-12-2021,57213.37,-30.00712786,-8.037884293
2-12-2021,56552.32,-30.74103123,-7.865652815
3-12-2021,53683.26,-34.5599532,-7.699621551
4-12-2021,49231.66,-42.59747144,-7.78643845
5-12-2021,49409.58,-54.80170193,-8.406892593
6-12-2021,50547.88,-69.50745022,-9.770755193
7-12-2021,50644.37,-78.07846749,-11.901069
8-12-2021,50518.96,-85.06143466,-14.11822143
9-12-2021,47658.92,-87.55170416,-16.25146108
10-12-2021,47229.01,-94.58826579,-17.93625482
11-12-2021,49369.71,-104.8767244,-19.61316931
12-12-2021,50112.02,-108.5941126,-21.52421104
13-12-2021,46718.8,-109.2746487,-23.07271959
14-12-2021,48378.82,-115.3552736,-24.07728935
15-12-2021,48895.13,-115.3225712,-25.07502446
16-12-2021,47656.12,-110.0631376,-25.56836175
17-12-2021,46216.71,-108.5611459,-25.24394627
18-12-2021,46893.49,-109.7792769,-24.58227729
19-12-2021,46724.12,-106.6170224,-23.88090861
20-12-2021,46921.46,-106.6253493,-22.80699651
21-12-2021,48948.51,-109.2444819,-21.70636785
22-12-2021,48625.01,-105.8827576,-20.80561958
23-12-2021,50825.37,-100.2242092,-19.5946323
24-12-2021,50835.68,-89.43016903,-17.97115828
25-12-2021,50440.34,-82.79925359,-15.63334313
26-12-2021,50801.7,-73.66096435,-13.09460191
27-12-2021,50713.28,-63.82456197,-10.22735307
28-12-2021,47564.01,-55.14045487,-7.079711732
29-12-2021,46471.03,-52.78498075,-3.840181208
30-12-2021,47141.1,-54.75226522,-1.070423674
31-12-2021,46195.56,-51.60567185,0.9548784659
1-1-2022,47746.11,-52.2024459,2.781782139
2-1-2022,47323.62,-47.09681521,4.133809797
3-1-2022,46446.75,-41.24115664,5.55326856
4-1-2022,45838.87,-39.07350252,7.069213078
5-1-2022,43452.83,-39.16993046,8.349276342
6-1-2022,43115.92,-44.30166645,9.249334204
7-1-2022,41543.69,-49.81293211,9.439732973
8-1-2022,41687,-59.52113934,9.041685368
9-1-2022,41865.65,-71.56919055,7.852341679
10-1-2022,41837.29,-77.85756813,5.869936222
11-1-2022,42734.84,-87.78998285,3.748238736
12-1-2022,43929.15,-90.98838726,1.250895785
13-1-2022,42566.66,-87.81322083,-0.975110535
14-1-2022,43092.97,-89.70452717,-2.45473058
15-1-2022,43111.45,-86.91821119,-3.736876357
16-1-2022,43108.81,-82.24645971,-4.476550817
17-1-2022,42244.92,-78.58601963,-4.632377689
18-1-2022,42376.79,-80.60855301,-4.409672722
19-1-2022,41690.96,-84.87991601,-4.346277787
20-1-2022,40675.73,-92.55267154,-4.58781467
21-1-2022,36462.45,-103.6952539,-5.336841846
22-1-2022,35064.16,-118.4488253,-6.751734758
23-1-2022,36292.06,-136.4160244,-8.960249317
24-1-2022,36706.69,-145.6410393,-12.02173673
25-1-2022,36974.02,-157.8453616,-15.01923676
26-1-2022,36838.86,-166.03597,-18.17011021
27-1-2022,37180.02,-171.6539002,-21.08505835
28-1-2022,37747.68,-177.9441007,-23.57671803
29-1-2022,38180.95,-178.5776413,-25.76197488
30-1-2022,37929.9,-174.0715701,-27.2310258
31-1-2022,38498.99,-172.6936611,-27.71220787
1-2-2022,38723.35,-166.8972203,-27.66347506
2-2-2022,36914.92,-158.4519171,-26.84764668
3-2-2022,37322.6,-155.884063,-25.22880941
4-2-2022,41595.79,-151.2542672,-23.46813875
5-2-2022,41418.02,-141.1846602,-21.4519243
6-2-2022,42417.63,-128.4143626,-18.82452924
7-2-2022,43869.2,-112.5988261,-15.53279109
8-2-2022,44133.22,-93.55868799,-11.51514386
9-2-2022,44420.56,-80.3567162,-6.71731642
10-2-2022,43528.61,-65.31238649,-1.828635448
11-2-2022,42397.41,-57.66806238,3.222484327
12-2-2022,42242.26,-56.4889647,7.752994514
13-2-2022,42073.76,-55.8435311,11.30824539
14-2-2022,42550.24,-59.55760745,14.01631705
15-2-2022,44573.39,-61.38049442,15.68201591
16-2-2022,43888.51,-56.87730006,16.66292271
17-2-2022,40546.12,-55.58782211,17.60077776
18-2-2022,39993.25,-60.25251909,18.23785015
19-2-2022,40104.1,-67.68471215,18.15702961
20-2-2022,38386.55,-74.4459534,17.29390946
21-2-2022,37032.64,-85.89972463,15.88123586
22-2-2022,38259.84,-101.1083402,13.67976641
23-2-2022,37261.73,-108.5513045,10.58585074
24-2-2022,38353.01,-119.9174222,7.447465524
25-2-2022,39232.14,-130.5810054,3.997046455
26-2-2022,39133.73,-133.6906038,0.3975200711
27-2-2022,37711.29,-134.8259971,-2.675210958
28-2-2022,43188.92,-140.4677682,-5.142707262
1-3-2022,44438.27,-139.1342834,-7.467380322
2-3-2022,43926.92,-135.4436221,-9.097232159
3-3-2022,42466.71,-134.7560284,-9.976097721
4-3-2022,39161.89,-137.5394954,-10.4961291
5-3-2022,39406.8,-144.7768019,-11.00599004
6-3-2022,38423,-145.7859547,-11.85736434
7-3-2022,38008.62,-151.6649903,-12.46977104
8-3-2022,38752.44,-159.0783805,-13.27645411
9-3-2022,41964.16,-160.666577,-14.34855369
10-3-2022,39438.05,-155.8662919,-15.15169521
11-3-2022,38735.35,-155.6278563,-15.22533952
12-3-2022,38809.19,-159.2909944,-15.09050941
13-3-2022,37790.82,-160.1716622,-15.10511781
14-3-2022,39673.63,-164.9689146,-15.01467774
15-3-2022,39311.59,-163.2908606,-15.15539951
16-3-2022,41134.5,-162.5848099,-14.95907864
17-3-2022,40951.81,-155.4133522,-14.57846902
18-3-2022,41782.51,-149.6498288,-13.54205211
19-3-2022,42228.16,-139.3189069,-12.11595093
20-3-2022,41277.41,-126.3345139,-10.03644255
21-3-2022,41027.61,-118.9463251,-7.257030649
22-3-2022,42382.59,-109.9798317,-4.407356336
23-3-2022,42910.55,-97.90872046,-1.409203414
24-3-2022,44008.86,-82.84351648,1.918773742
25-3-2022,44325.51,-66.39368924,5.706079538
26-3-2022,44542.83,-55.04225823,9.920552297
27-3-2022,46856.67,-40.70671317,14.01496218
28-3-2022,47140.78,-22.79142832,18.20669474
29-3-2022,47454.07,-10.00504236,22.71247153
30-3-2022,47069.52,5.332203108,27.00380354
31-3-2022,45526.92,20.37374723,31.28170657
1-4-2022,46308.14,29.38725898,35.47674857
2-4-2022,45821.46,41.80173549,39.07819553
3-4-2022,46415.99,50.4619645,42.44483507
4-4-2022,46602.28,61.46901074,45.28965826
5-4-2022,45498.32,67.32755048,47.88044186
6-4-2022,43181.76,66.35482447,49.8319599
7-4-2022,43461.88,59.94622988,50.71544507
8-4-2022,42281.62,59.22201061,50.3184536
9-4-2022,42767.81,53.26155335,49.37621825
10-4-2022,42155.88,52.95391488,47.59982964
11-4-2022,39532.17,47.58097468,45.64108303
12-4-2022,40087.3,37.2040662,43.15771558
13-4-2022,41144.7,33.00064938,39.89244393
14-4-2022,39953.82,34.09658502,36.54425262
15-4-2022,40563.6,30.41798732,33.59199215
16-4-2022,40389.5,31.27555662,30.60270346
17-4-2022,39687.65,30.80726085,27.98032948
18-4-2022,40809.49,25.30769192,25.5695419
19-4-2022,41503.85,24.73388229,22.95064536
20-4-2022,41375.16,28.67446591,20.59148355
21-4-2022,40481.15,28.65515284,18.82282516
22-4-2022,39719.22,23.75022466,17.22107838
23-4-2022,39440.84,17.49262021,15.37862063
24-4-2022,39465.69,8.20976556,13.26066255
25-4-2022,40440.55,-3.513263728,10.70966239
26-4-2022,38123.48,-12.66402719,7.65379769
27-4-2022,39252.85,-26.16974955,4.442403498
28-4-2022,39748.89,-32.73143315,0.7983486744
29-4-2022,38592.08,-40.32315521,-2.589217172
30-4-2022,37648.79,-52.25760153,-5.819393686
1-5-2022,38479.3,-67.84540486,-9.235876489
2-5-2022,38511.75,-76.37888942,-13.05082737
3-5-2022,37725.77,-86.33826401,-16.57175543
4-5-2022,39680.04,-98.0669777,-19.93594541
5-5-2022,36541.63,-102.0498328,-23.28014042
6-5-2022,36010.24,-110.7900644,-25.9526561
7-5-2022,35461.25,-120.6541519,-28.44797712
8-5-2022,34027.56,-134.0298156,-30.865686
9-5-2022,30076.35,-149.2409988,-33.47516118
10-5-2022,31001.31,-167.7454952,-36.35156618
11-5-2022,28991.23,-179.0732518,-39.66703914
12-5-2022,28928.01,-193.6082573,-42.7162246
13-5-2022,29234,-209.0127853,-45.77788059
14-5-2022,30040.99,-216.3837327,-48.88377991
15-5-2022,31293.29,-217.1491137,-51.3480925
16-5-2022,29832.75,-211.7629086,-52.75471432
17-5-2022,30414.61,-212.2440285,-52.82590636
18-5-2022,28672.03,-206.0393056,-52.31805889
19-5-2022,30283.19,-205.7492107,-50.82899186
20-5-2022,29166.42,-198.8175733,-49.05995465
21-5-2022,29410.96,-196.9420752,-46.5619179
22-5-2022,30264.11,-190.1989536,-43.92453407
23-5-2022,29075.93,-178.6277297,-40.81973039
24-5-2022,29630.68,-172.4863343,-36.99894917
25-5-2022,29511.36,-163.7181493,-33.09390729
26-5-2022,29175.27,-159.5479001,-28.95780664
27-5-2022,28586.94,-160.6297373,-25.05459901
28-5-2022,29013.09,-165.5966991,-21.79730825
29-5-2022,29449.54,-164.0606078,-19.39312233
30-5-2022,31719.73,-157.6720863,-17.16595943
31-5-2022,31775.89,-146.0666798,-14.71578212
1-6-2022,29787.13,-137.5588636,-11.7026389
2-6-2022,30433.5,-135.4420261,-8.529864556
3-6-2022,29673.24,-128.2000597,-5.778001729
4-6-2022,29845.93,-127.2123178,-2.978430947
5-6-2022,29899.4,-122.7768767,-0.6722985813
6-6-2022,31351.91,-119.7158299,1.495986167
7-6-2022,31107.6,-111.6451954,3.421922555
8-6-2022,30185.45,-108.2317168,5.535662101
9-6-2022,30080.69,-108.8171736,7.400941674
10-6-2022,29061.48,-110.3187931,8.73129872
11-6-2022,28387.02,-116.9962236,9.554311959
12-6-2022,26565.12,-127.6655852,9.557569339
13-6-2022,22458.28,-141.2947012,8.60008608
14-6-2022,22109.15,-157.7862617,6.664691524
15-6-2022,22560.52,-169.4427543,3.756839784
16-6-2022,20375.02,-173.6069814,0.5059327168
17-6-2022,20441.06,-182.5445004,-2.379028919
18-6-2022,18951.09,-184.3184964,-5.325179537
19-6-2022,20552.98,-189.9588103,-7.714246745
20-6-2022,20552.75,-188.0766243,-9.948050969
21-6-2022,20702.57,-181.7721119,-11.43466849
22-6-2022,19961.51,-172.818033,-11.96616364
23-6-2022,21096.53,-168.8433451,-11.53192519
24-6-2022,21216.63,-159.0459099,-10.7432228
25-6-2022,21481.56,-145.1190131,-9.221301911
26-6-2022,21029.53,-131.2310609,-6.812850162
27-6-2022,20711.61,-123.7458463,-3.740376396
28-6-2022,20253.96,-117.4723982,-0.6934310932
29-6-2022,20091.47,-116.7663779,2.20212511
30-6-2022,19949.77,-118.9240384,4.501948541
1-7-2022,19248.11,-123.3193577,6.080379184
2-7-2022,19224.84,-129.6058986,6.897125541
3-7-2022,19292.67,-132.5780013,6.956936367
4-7-2022,20208.46,-133.7013989,6.68742456
5-7-2022,20162.71,-128.7385365,6.310442859
6-7-2022,20544.2,-127.9967363,6.339070798
7-7-2022,21621.52,-122.3676531,6.34843492
8-7-2022,21589.1,-111.7880885,6.732468317
9-7-2022,21582.02,-105.92876,7.800579771
10-7-2022,20843.12,-96.63453014,9.015934551
11-7-2022,19946.61,-92.84993066,10.60680995
12-7-2022,19310.95,-94.99498819,12.03425234
13-7-2022,20229.58,-101.1991772,12.8443607
14-7-2022,20576.56,-100.1429026,12.83776545
15-7-2022,20828.63,-94.28421309,12.77056013
16-7-2022,21196.9,-86.44875221,13.03973279
17-7-2022,20793.29,-74.16232914,13.72707311
18-7-2022,22438.4,-66.8317655,15.08926725
19-7-2022,23402.53,-54.67511451,16.56933022
20-7-2022,23223.96,-40.95294207,18.50986077
21-7-2022,23158.95,-34.66085966,20.91392711
22-7-2022,22684.25,-24.55296464,23.06105202
23-7-2022,22459.15,-19.83308931,25.28679618
24-7-2022,22586.22,-15.6435702,27.11895849
25-7-2022,21306.56,-12.52845324,28.57957199
26-7-2022,21264.87,-15.64752571,29.64673352
27-7-2022,22964.43,-18.38123479,29.89615932
28-7-2022,23855.88,-15.17178961,29.53280777
29-7-2022,23789.6,-7.196994771,29.16759853
30-7-2022,23645.08,-0.587699947,29.18523762
31-7-2022,23315.95,5.02104589,29.39369931
1-8-2022,23277.07,7.246278613,29.66947439
2-8-2022,22994.19,9.767481461,29.72493526
3-8-2022,22831.86,8.029132752,29.6307634
4-8-2022,22621.93,5.357559204,29.08063782
5-8-2022,23322.46,5.201436287,28.10510749
6-8-2022,22952.69,10.49680427,27.00806273
7-8-2022,23181.62,11.52672015,26.26319305
8-8-2022,23820.8,14.10452488,25.46246858
9-8-2022,23159.22,20.59288556,24.75058661
10-8-2022,23961.97,21.19232978,24.42837638
11-8-2022,23954.9,26.8537532,23.94536533
12-8-2022,24413.41,29.31486172,23.74567973
13-8-2022,24452.44,36.12739546,23.51495261
14-8-2022,24314.02,39.7263351,23.60965682
15-8-2022,24103.81,37.95965707,23.70189425
16-8-2022,23865.17,32.91420933,23.36312141
17-8-2022,23341.6,25.19064074,22.42896883
18-8-2022,23196.34,13.61589665,20.82535699
19-8-2022,20836.46,-1.593728774,18.40829854
20-8-2022,21140.87,-20.0351296,15.09150714
21-8-2022,21495.97,-36.3474914,10.84978952
22-8-2022,21404.35,-44.95796301,6.101591127
23-8-2022,21523,-55.54026617,1.625083642
24-8-2022,21370.71,-60.25557377,-2.74484337
25-8-2022,21566.32,-66.33102364,-6.513444988
26-8-2022,20246.01,-68.4390179,-9.876477071
27-8-2022,20037.31,-75.74429764,-12.56693791
28-8-2022,19550.11,-80.75673006,-15.11439321
29-8-2022,20294.27,-89.68371587,-17.33787111
30-8-2022,19811.34,-91.1130099,-19.59445385
31-8-2022,20053.81,-96.82463098,-21.25315092
1-9-2022,20127.44,-100.2690836,-22.76612664
2-9-2022,19954.25,-100.6578849,-23.96683459
3-9-2022,19835.94,-102.7321603,-24.66544936
4-9-2022,20004.08,-105.0371447,-25.09717864
5-9-2022,19791.58,-102.4278604,-25.33329374
6-9-2022,18790.61,-101.4299228,-25.02143767
7-9-2022,19285.24,-106.0146762,-24.41235383
8-9-2022,19322.2,-104.2497068,-24.02268325
9-9-2022,21370.03,-100.1645491,-23.30282774
10-9-2022,21655.74,-90.81605625,-22.14739755
11-9-2022,21839.13,-80.61415434,-20.24400528
12-9-2022,22403.06,-73.43359717,-17.70821567
13-9-2022,20174.25,-69.07219254,-14.94687492
14-9-2022,20231.86,-70.54297036,-12.26517824
15-9-2022,19699.88,-68.09291028,-10.14168672
16-9-2022,19800.14,-70.6027841,-8.166961374
17-9-2022,20117,-70.74085203,-6.726958957
18-9-2022,19420.94,-65.85033559,-5.5331054
19-9-2022,19538.12,-67.18483209,-4.144568049
20-9-2022,18876.62,-63.93504218,-3.115906677
21-9-2022,18456.46,-64.78193633,-2.015223994
22-9-2022,19403.42,-69.12726088,-1.197458759
23-9-2022,19289.97,-67.54201681,-0.8897488242
24-9-2022,18924.36,-64.49406278,-0.5120677373
25-9-2022,18808.52,-66.11073151,0.03281340984
26-9-2022,19227.65,-71.30756935,0.3303756248
27-9-2022,19081.15,-72.1394676,0.1451808869
28-9-2022,19409.26,-75.235183,-0.06793144164
29-9-2022,19594.92,-77.75098348,-0.4810772986
30-9-2022,19426.02,-76.85837772,-0.9999753474
1-10-2022,19315.3,-79.75604764,-1.323918654
2-10-2022,19057.33,-85.17991493,-1.793786155
3-10-2022,19634.52,-94.03656162,-2.574147129
4-10-2022,20344.04,-96.38395147,-3.86271917
5-10-2022,20163.1,-92.95418977,-5.015520739
6-10-2022,19958.59,-93.2021123,-5.587956695
7-10-2022,19532.76,-96.19321524,-5.992543283
8-10-2022,19418.17,-99.71478192,-6.479842488
9-10-2022,19445.94,-105.6722873,-7.068707954
10-10-2022,19131.94,-106.6827326,-7.9247573
11-10-2022,19056.5,-112.1583895,-8.585745936
12-10-2022,19156.58,-119.8244239,-9.442575803
13-10-2022,19380.96,-124.8249009,-10.61780906
14-10-2022,19181.61,-131.321324,-11.81647364
15-10-2022,19069.45,-138.4642989,-13.13917082
16-10-2022,19263.43,-145.1243606,-14.59554785
17-10-2022,19550.45,-146.1382314,-16.10153994
18-10-2022,19331.81,-141.5195394,-17.17883351
19-10-2022,19125.59,-140.8080999,-17.45865409
20-10-2022,19044.25,-144.5409183,-17.4221747
21-10-2022,19166.92,-149.5549131,-17.49282537
22-10-2022,19206.4,-150.9392439,-17.74880682
23-10-2022,19572.38,-150.8132903,-17.85752743
24-10-2022,19332.21,-145.1966732,-17.72915523
25-10-2022,20086.89,-144.613622,-16.97848783
26-10-2022,20774.74,-138.3371848,-16.15035986
27-10-2022,20292.62,-127.6242848,-14.81680751
28-10-2022,20599.09,-122.8717736,-12.74855872
29-10-2022,20820.06,-113.9391575,-10.60373546
30-10-2022,20628.62,-103.3772146,-8.089904714
31-10-2022,20495.81,-96.47500708,-5.185638405
1-11-2022,20480.62,-91.33638437,-2.300517041
2-11-2022,20153.01,-89.53131977,0.3960410187
3-11-2022,20206.42,-91.68547268,2.648209427
4-11-2022,21150.52,-89.21398578,4.210708553
5-11-2022,21300.78,-81.3999343,5.584059147
6-11-2022,20914.74,-75.45706034,7.219753216
7-11-2022,20570.4,-76.04375755,8.893078934
8-11-2022,18547.62,-76.11030461,10.05594143
9-11-2022,15878.21,-81.83179056,10.84710981
10-11-2022,17557.04,-92.25964183,10.88694246
11-11-2022,16992.47,-95.1592962,9.962231266
12-11-2022,16777.14,-102.0078439,8.892901283
13-11-2022,16309.05,-112.2984528,7.407440635
14-11-2022,16590.41,-124.2805708,5.338299643
15-11-2022,16873.79,-130.9490186,2.700503985
16-11-2022,16647.91,-132.5409361,0.07112404107
17-11-2022,16677.06,-137.3844606,-2.116732571
18-11-2022,16681.04,-143.1838915,-4.193120962
19-11-2022,16685.13,-144.4716252,-6.234768793
20-11-2022,16255.15,-143.5954192,-7.866024127
21-11-2022,15760.8,-147.8734256,-8.984535096
22-11-2022,16195.94,-154.2368937,-10.09973896
23-11-2022,16597.42,-154.6516143,-11.36600453
24-11-2022,16587.76,-148.778082,-12.26164894
25-11-2022,16507.83,-143.9574612,-12.35508687
26-11-2022,16452.93,-141.1611828,-11.90294356
27-11-2022,16423.94,-138.5096987,-11.18998922
28-11-2022,16209.05,-137.295271,-10.2923711
29-11-2022,16433.95,-140.2155987,-9.374939641
30-11-2022,17167.82,-138.2565406,-8.782278004
1-12-2022,16977.74,-130.935403,-8.061580886
2-12-2022,17094.08,-127.266293,-6.821039904
3-12-2022,16894.08,-119.4380123,-5.478680907
4-12-2022,17113.75,-117.8927819,-3.740061795
5-12-2022,16966.51,-111.3272858,-2.212007798
6-12-2022,17088.31,-108.0022899,-0.4658631498
7-12-2022,16838.69,-104.5645467,1.172749715
8-12-2022,17229.24,-106.5475933,2.717434467
9-12-2022,17130.84,-102.4554999,3.7384979
10-12-2022,17130.07,-101.6896223,4.82230721
11-12-2022,17089.92,-99.17148856,5.67758614
12-12-2022,17210.86,-100.7677665,6.4838514
13-12-2022,17772.5,-103.2738851,6.91431225
14-12-2022,17804.11,-102.3453867,6.972854032
15-12-2022,17360.37,-103.8849335,7.013325619
16-12-2022,16633.41,-108.826961,6.842297344
17-12-2022,16786.54,-118.0533995,6.23609012
18-12-2022,16745.81,-122.2968771,4.9540627
19-12-2022,16440.54,-128.1587058,3.554657672
20-12-2022,16902.24,-138.1749156,1.950138534
21-12-2022,16825.25,-140.8930401,-0.1282010411
22-12-2022,16819.09,-146.5577111,-1.971899233
23-12-2022,16779.05,-149.013356,-3.845802918
24-12-2022,16840.65,-151.2130053,-5.466026162
25-12-2022,16828.91,-153.0827802,-6.848611543
26-12-2022,16914.61,-157.0611635,-8.002942683
27-12-2022,16697.6,-157.0225152,-9.133495468
28-12-2022,16538.67,-159.9494981,-9.912087722
29-12-2022,16629.82,-167.0974607,-10.64262914
30-12-2022,16597.22,-172.5186212,-11.66391498
31-12-2022,16528.89,-179.23626,-12.76360283
1-1-2023,16613.48,-184.1287996,-14.01560749
2-1-2023,16668.94,-184.1364167,-15.22708886
3-1-2023,16670.73,-178.667387,-16.00333473
4-1-2023,16849.16,-173.9431694,-15.99285451
5-1-2023,16825.82,-164.2793873,-15.4255281
6-1-2023,16950.52,-158.9405963,-14.0343521
7-1-2023,16944.73,-150.4263668,-12.3585773
8-1-2023,17124.86,-142.6397085,-10.22561205
9-1-2023,17179.7,-129.8140568,-7.816796299
10-1-2023,17443.89,-113.8441941,-4.817338288
11-1-2023,17941.69,-96.46588025,-1.138487967
12-1-2023,18852.7,-77.57023223,3.143080632
13-1-2023,19932.48,-56.57174175,7.969112503
14-1-2023,20959.43,-32.68031342,13.33446876
15-1-2023,20884.18,-7.034880372,19.29200463
16-1-2023,21189.86,15.08199955,25.78552734
17-1-2023,21140.12,32.17138215,32.34350248
18-1-2023,20676.07,45.67680763,38.47618586
19-1-2023,21085.41,51.55042263,43.9198756
20-1-2023,22679.14,61.36947161,48.15291377
21-1-2023,22785.95,74.91277139,51.70393146
22-1-2023,22717.7,83.07258911,54.97722644
23-1-2023,22921.29,92.38873058,57.56617831
24-1-2023,22638,102.7469481,59.68170256
25-1-2023,23056.8,106.1443497,61.48532778
26-1-2023,23011.11,113.8732665,62.46875475
27-1-2023,23080.06,119.4669843,63.1439031
28-1-2023,23031.1,127.2071384,63.39949934
29-1-2023,23750.97,130.2437947,63.49469958
30-1-2023,22832.84,137.2437771,63.08794073
31-1-2023,23132.21,137.1974035,62.60870729
1-2-2023,23729.85,141.5266273,61.51605063
2-2-2023,23491.99,149.8753407,60.30429416
3-2-2023,23437.07,154.7189743,59.33367813
4-2-2023,23332.69,160.4415464,58.28344343
5-2-2023,22938.34,162.8869981,57.25291266
6-2-2023,22764.17,159.4182845,55.98814068
7-2-2023,23250.93,151.9103033,54.08247448
8-2-2023,22966.38,150.186288,51.37417939
9-2-2023,21797.75,144.0161838,48.52930675
10-2-2023,21635.15,133.3755241,45.25517536
11-2-2023,21864.96,123.9657427,41.32541665
12-2-2023,21787.3,119.7554111,37.02496311
13-2-2023,21789.63,112.2116608,32.8978581
14-2-2023,22211.03,101.4555563,28.68768625
15-2-2023,24330.81,96.60666936,24.20415653
16-2-2023,23519.85,97.63269798,20.02878294
17-2-2023,24578.37,92.47664922,16.61107904
18-2-2023,24638.27,93.36070454,13.33278202
19-2-2023,24288.51,95.10462859,10.68289809
20-2-2023,24841.34,94.87502076,8.624152219
21-2-2023,24449.26,98.45919123,6.894577456
22-2-2023,24186.54,97.48622129,5.746843563
23-2-2023,23943.19,93.32176115,4.704514921
24-2-2023,23190.5,87.54939918,3.50205532
25-2-2023,23164.72,76.93114297,2.05957456
26-2-2023,23558.98,64.22273845,0.05891449913
27-2-2023,23492.91,57.89079916,-2.523001458
28-2-2023,23136.03,48.54239734,-5.022229899
1-3-2023,23638.25,35.86166205,-7.668822926
2-3-2023,23467.3,30.19518534,-10.66653911
3-3-2023,22394,20.05423208,-13.34564777
4-3-2023,22349.12,6.138306146,-16.10154231
5-3-2023,22428.98,-9.835641794,-19.18732793
6-3-2023,22417.1,-28.48932881,-22.66058228
7-3-2023,22201.83,-43.7409243,-26.61159611
8-3-2023,21701.47,-60.30747357,-30.62050521
9-3-2023,20346.9,-79.91547556,-34.73398487
10-3-2023,20222.68,-102.3258796,-39.12513878
11-3-2023,20726.52,-121.1202854,-43.90735554
12-3-2023,22243.34,-142.3290407,-48.65300668
13-3-2023,24218.48,-153.996021,-53.50852572
14-3-2023,24758.48,-157.8464488,-57.63362282
15-3-2023,24376.05,-155.994472,-60.51589972
16-3-2023,25051.83,-158.8761993,-61.93671794
17-3-2023,27454.54,-155.9908348,-62.57394445
18-3-2023,26976.15,-147.0890338,-62.12993108
19-3-2023,28051.94,-143.9876885,-60.36390877
20-3-2023,27806.91,-135.7612395,-58.0449645
21-3-2023,28190.61,-133.6939592,-54.9104058
22-3-2023,27319.63,-126.3031045,-51.66388411
23-3-2023,28342.19,-124.5975479,-47.94196691
24-3-2023,27493.31,-118.061449,-44.34353193
25-3-2023,27492.9,-116.9279169,-40.49750766
26-3-2023,28001,-119.1192472,-36.93230652
27-3-2023,27140.89,-115.2423781,-33.89298375
28-3-2023,27274.78,-116.7965828,-30.81623721
29-3-2023,28349.29,-112.0865847,-28.17848077
30-3-2023,28012.29,-103.1442431,-25.41501383
31-3-2023,28475.84,-99.22795956,-22.24692544
1-4-2023,28469.31,-90.42853708,-19.1988686
2-4-2023,28189.84,-82.29802791,-15.89005113
3-4-2023,27811.63,-79.58009217,-12.46800194
4-4-2023,28177.64,-77.00349638,-9.428008385
5-4-2023,28180.65,-70.46062925,-6.73326496
6-4-2023,28048.62,-61.75931443,-4.02332826
7-4-2023,27928.24,-57.75603343,-1.160186608
8-4-2023,27961.12,-56.98958775,1.415587093
9-4-2023,28336.98,-59.39446849,3.478652331
10-4-2023,29655.48,-58.49880891,4.863528885
11-4-2023,30232.31,-52.58566567,5.964569924
12-4-2023,29905.89,-48.21213961,7.230940343
13-4-2023,30407.47,-46.67685386,8.489592291
14-4-2023,30495.03,-39.77594002,9.501441058
15-4-2023,30324.64,-29.32191872,10.73642178
16-4-2023,30325.58,-19.88226065,12.41558591
17-4-2023,29450.35,-8.457081437,14.34270334
18-4-2023,30394.56,-3.09140754,16.60051387
19-4-2023,28821.81,6.266560943,18.60830507
20-4-2023,28248.1,8.191151453,20.715805
21-4-2023,27263.11,4.650580845,22.2844312
22-4-2023,27822.84,-3.644999666,22.97701953
23-4-2023,27596.46,-5.464635743,22.59604362
24-4-2023,27522,-12.63824115,21.8948973
25-4-2023,28306.95,-20.7536223,20.52379822
26-4-2023,28430.87,-23.23364481,18.56830502
27-4-2023,29484.15,-29.18303557,16.62678228
28-4-2023,29337.1,-29.96898923,14.44157196
29-4-2023,29250.74,-33.0362744,12.50223912
30-4-2023,29248.47,-33.23876158,10.59565942
1-5-2023,28084.93,-38.09083406,8.964999318
2-5-2023,28698.86,-47.19404159,7.198191471
3-5-2023,29044.22,-51.98645356,5.005727839
4-5-2023,28870.25,-52.76917326,2.848639676
5-5-2023,29554.64,-57.51969248,1.063711028
6-5-2023,28962.11,-57.33892768,-0.7258182029
7-5-2023,28594.28,-62.34281888,-2.105179603
8-5-2023,27810.71,-70.2545715,-3.561056015
9-5-2023,27695.74,-82.31298687,-5.292255053
10-5-2023,27620.45,-91.65650681,-7.550221849
11-5-2023,26993.22,-96.03207357,-9.978593758
12-5-2023,26809.46,-105.1381625,-12.11649623
13-5-2023,26788.7,-108.7433175,-14.37982298
14-5-2023,26930.75,-114.5271481,-16.27680275
15-5-2023,27175.18,-115.1448273,-18.03893804
16-5-2023,27041.17,-112.8423587,-19.26322997
17-5-2023,27409.77,-110.6546759,-19.81923635
18-5-2023,26829.1,-104.4760735,-19.85447764
19-5-2023,26895.42,-103.8161278,-19.16294652
20-5-2023,27116.5,-102.3779333,-18.35012223
21-5-2023,26753.31,-100.1815271,-17.38944812
22-5-2023,26858.63,-103.6478319,-16.26340097
23-5-2023,27228.43,-105.0384231,-15.47234675
24-5-2023,26329.53,-101.6473262,-14.78718223
25-5-2023,26482.89,-103.7848414,-13.81134267
26-5-2023,26718.79,-106.2386325,-13.05991582
27-5-2023,26874.67,-104.6505704,-12.51810415
28-5-2023,28082.01,-98.71466421,-11.82426836
29-5-2023,27751.78,-87.99103084,-10.67239574
30-5-2023,27707.09,-82.12750889,-8.792862155
31-5-2023,27219.57,-77.34869982,-6.75234421
1-6-2023,26825.56,-77.6212143,-4.695482484
2-6-2023,27252.22,-79.61124785,-3.052210407
3-6-2023,27075.63,-75.55981003,-1.888712619
4-6-2023,27123.99,-73.76317138,-0.6324248664
5-6-2023,25732.88,-71.90336922,0.5023748871
6-6-2023,27238.18,-75.79886126,1.53409823
7-6-2023,26351.68,-73.69565238,2.014194381
8-6-2023,26512.76,-77.47407027,2.535161653
9-6-2023,26488.23,-78.26238695,2.613023911
10-6-2023,25858.78,-80.99022552,2.581363393
11-6-2023,25940.01,-88.7627161,2.309535541
12-6-2023,25912.41,-95.3095217,1.45021777
13-6-2023,25936.28,-100.4756326,0.2381841091
14-6-2023,25130.06,-103.835419,-1.126240674
15-6-2023,25582.77,-111.5339991,-2.450416949
16-6-2023,26336.15,-115.1037547,-4.074083753
17-6-2023,26515.09,-113.4255168,-5.584525903
18-6-2023,26342.29,-108.3686355,-6.570402898
19-6-2023,26844.45,-108.1482985,-6.864539326
20-6-2023,28317.58,-103.9643087,-6.999182989
21-6-2023,30002.77,-94.41231559,-6.691144698
22-6-2023,29898.58,-80.81843963,-5.611569438
23-6-2023,30705.83,-73.03672322,-3.617387099
24-6-2023,30548.39,-60.76331182,-1.393006042
25-6-2023,30473.14,-52.11086824,1.344692916
26-6-2023,30274.34,-42.19761438,4.164513035
27-6-2023,30700.05,-37.955934,7.117115852
28-6-2023,30083.26,-31.18465734,9.687669589
29-6-2023,30453.02,-31.28443224,12.13139422
30-6-2023,30477.68,-26.95845736,13.89978453
1-7-2023,30594.48,-18.07009629,15.47196543
2-7-2023,30625.3,1.374663168,17.23645544
3-7-2023,31160.43,20.34791945,19.9736127
4-7-2023,30776.54,39.82317424,23.40402572
5-7-2023,30507.27,52.03026148,27.37854029
6-7-2023,29911.02,56.56203002,31.15425478
7-7-2023,30352.3,54.90874224,34.11891001
8-7-2023,30299.25,56.67549773,35.92093989
9-7-2023,30174.62,56.85755646,37.06436899
10-7-2023,30423.95,53.28378915,37.55235523
11-7-2023,30631.36,51.01665941,37.22164671
12-7-2023,30396.78,49.67804046,36.35751263
13-7-2023,31482.21,46.63999131,35.15936946
14-7-2023,30333.56,49.06411959,33.57762523
15-7-2023,30299.26,46.24628894,32.14909368
16-7-2023,30250.49,43.16067255,30.43871815
17-7-2023,30154.32,36.36152744,28.50565434
18-7-2023,29868.81,32.32131099,26.12391294
19-7-2023,29921.83,24.46017964,23.63787135
20-7-2023,29813.01,17.8714717,20.79364172
21-7-2023,29917.77,11.90362931,17.80269717
22-7-2023,29792.96,8.796466184,14.78041761
23-7-2023,30092.75,1.950719644,11.99623209
24-7-2023,29189.1,-0.4572869833,9.132081521
25-7-2023,29236.54,-8.158985952,6.591927908
26-7-2023,29358.33,-16.14828338,3.912276836
27-7-2023,29225.73,-20.343531,1.13092789
28-7-2023,29328.09,-25.37388979,-1.39574335
29-7-2023,29369.53,-26.09311685,-3.760705355
30-7-2023,29288.27,-24.02273014,-5.628113012
31-7-2023,29240.57,-26.47757559,-6.861884596
1-8-2023,29705.37,-31.88922031,-7.946144766
2-8-2023,29169.38,-32.80187018,-9.13678015
3-8-2023,29185.84,-39.36331621,-10.03829527
4-8-2023,29086.35,-47.52167571,-11.1536342
5-8-2023,29054.56,-56.50460445,-12.55117761
6-8-2023,29053.48,-63.34762524,-14.21967257
7-8-2023,29190.55,-69.82680962,-15.91073241
8-8-2023,29774.15,-76.96251796,-17.57117597
9-8-2023,29573.89,-78.72387573,-19.24108227
10-8-2023,29433.51,-82.08135699,-20.47064899
11-8-2023,29407.86,-86.88673642,-21.46853426
12-8-2023,29422.34,-92.30604188,-22.38903265
13-8-2023,29289.76,-95.02315758,-23.28738444
14-8-2023,29419.22,-100.2163155,-23.94258799
15-8-2023,29176.89,-102.8005236,-24.5973431
16-8-2023,28707.5,-110.1411587,-25.03616393
17-8-2023,26635.04,-121.6118356,-25.68023474
18-8-2023,26053.12,-136.456345,-26.80723613
19-8-2023,26097.91,-145.8112585,-28.56889624
20-8-2023,26196.16,-148.9257929,-30.36980372
21-8-2023,26129.39,-149.1892307,-31.68312938
22-8-2023,26046.38,-153.5136636,-32.3720419
23-8-2023,26434.24,-158.7886251,-32.88784503
24-8-2023,26172.62,-157.4499138,-33.33796868
25-8-2023,26056.55,-160.2632058,-33.20391801
26-8-2023,26016.25,-163.8123942,-32.94492248
27-8-2023,26097.39,-167.773028,-32.64969118
28-8-2023,26115.16,-168.3656446,-32.36225635
29-8-2023,27731.92,-169.2756432,-31.81553174
30-8-2023,27309.12,-163.6524536,-31.09720856
31-8-2023,25941.91,-162.9715039,-29.73146207
1-9-2023,25804.3,-167.1195741,-28.26829192
2-9-2023,25869.38,-173.9757161,-27.13068796
3-9-2023,25972.31,-178.0129786,-26.47714987
4-9-2023,25816.11,-181.1199129,-25.98544553
5-9-2023,25787.15,-183.5158819,-25.55192326
6-9-2023,25760.61,-182.4919957,-25.11221048
7-9-2023,26256.68,-180.7492527,-24.3998496
8-9-2023,25909.39,-174.500601,-23.42464891
9-9-2023,25899.53,-172.7306405,-21.89518728
10-9-2023,25839.44,-172.0988108,-20.30617989
11-9-2023,25163.39,-176.4432421,-18.77941926
12-9-2023,25842,-184.1206544,-17.71579312
13-9-2023,26230.44,-186.8093784,-17.29302156
14-9-2023,26535.32,-184.0193302,-16.97920392
15-9-2023,26611.11,-177.7588821,-16.31727224
16-9-2023,26571.3,-166.7625443,-15.11330402
17-9-2023,26538.19,-156.2720025,-13.12059196
18-9-2023,26770.2,-151.066369,-10.57297556
19-9-2023,27225.68,-142.5053603,-8.041225846
20-9-2023,27132.76,-129.4183107,-5.283093879
21-9-2023,26572.29,-119.7269315,-2.017976916
22-9-2023,26587.3,-115.7873074,1.336261516
23-9-2023,26588.1,-109.685132,4.263270057
24-9-2023,26262.39,-104.1644861,6.994709318
25-9-2023,26303.22,-103.6686511,9.495407452
26-9-2023,26218.84,-99.97150872,11.3859879
27-9-2023,26367.38,-99.25573417,13.03238578
28-9-2023,27031.49,-99.39260799,14.23088026
29-9-2023,26916.78,-94.5578118,14.99677768
30-9-2023,26969.98,-87.69641174,15.81161806
1-10-2023,27995.39,-80.03657237,16.81718453
2-10-2023,27510.99,-68.23236658,18.02441401
3-10-2023,27430.79,-52.74374854,19.70648869
4-10-2023,27797.44,-43.0824011,22.03533737
5-10-2023,27415.44,-34.95167678,24.37952473
6-10-2023,27945.74,-32.47028883,26.58691421
7-10-2023,27971.96,-25.43149044,28.21131112
8-10-2023,27932.56,-21.63130009,29.72398992
9-10-2023,27598.69,-21.61912058,30.87355128
10-10-2023,27399.9,-27.04575124,31.42334102
11-10-2023,26876.35,-32.99543143,31.0630936
12-10-2023,26765.6,-40.96257057,29.95223474
13-10-2023,26868.36,-50.41480142,28.10501245
14-10-2023,26858.75,-53.98952453,25.58344937
15-10-2023,27174.56,-54.6211049,23.03115338
16-10-2023,28519.76,-53.03314034,20.71864551
17-10-2023,28410.66,-47.25540466,18.79741692
18-10-2023,28330.4,-46.02430338,17.53886725
19-10-2023,28736.56,-47.98673,16.45115844
20-10-2023,29685.66,-50.66981085,15.25494049
21-10-2023,29923.51,-47.55563566,13.92985228
22-10-2023,30004.11,-39.90037743,12.98135723
23-10-2023,33082.5,-30.1007695,12.7009745
24-10-2023,33927.73,-16.1167406,13.11829608
25-10-2023,34499.56,-3.124951931,14.41129625
26-10-2023,34164.73,10.3535124,16.29648128
27-10-2023,33915.05,21.38069211,18.66296834
28-10-2023,34093.13,27.85688757,21.1840313
29-10-2023,34538.5,37.2096105,23.4344292
30-10-2023,34496.72,48.67500082,25.67658859
31-10-2023,34660.4,60.38939481,28.05527352
1-11-2023,35442.2,67.35811495,30.53367891
2-11-2023,34939.68,77.53444036,32.68339666
3-11-2023,34737.62,82.70238665,34.80697474
4-11-2023,35091.58,87.56232905,36.48634388
5-11-2023,35051.1,95.53462843,37.77397786
6-11-2023,35045.77,104.1281315,38.98830212
7-11-2023,35433.57,114.8097963,40.18090625
8-11-2023,35633.63,120.1234309,41.50947925
9-11-2023,36698.15,128.2208316,42.50122121
10-11-2023,37314.13,133.8578653,43.43982911
11-11-2023,37142.98,141.1631001,44.12984279
12-11-2023,37067.98,146.3581206,44.75030138
13-11-2023,36489.44,151.5229328,45.1408583
14-11-2023,35551.12,151.0360928,45.34443226
15-11-2023,37881.01,147.5195244,44.94834563
16-11-2023,36161.56,149.3301211,43.84526551
17-11-2023,36627.85,144.9863909,42.62580287
18-11-2023,36588,140.8024299,40.83811089
19-11-2023,37390.02,135.0759913,38.63834267
20-11-2023,37471.79,133.9593667,36.01774463
21-11-2023,35760.5,129.389716,33.46503543
22-11-2023,37420.85,119.0905764,30.71915113
23-11-2023,37296.49,115.0442194,27.39615769
24-11-2023,37726.56,110.2642233,24.15767957
25-11-2023,37799.05,109.3808658,20.96379896
26-11-2023,37458.92,111.1335511,18.1520999
27-11-2023,37249.68,108.4312895,15.88215558
28-11-2023,37831.24,101.0335597,13.70715093
29-11-2023,37857.71,97.45819316,11.25674831
30-11-2023,37723.24,91.66882406,8.923420741
1-12-2023,38694.14,86.31542962,6.531793679
2-12-2023,39467.01,85.36156049,4.156523989
3-12-2023,39972.23,89.17405485,2.172097789
4-12-2023,41974.74,90.24272751,0.8967252692
5-12-2023,44088.05,93.36008926,-0.02746706518
6-12-2023,43775.94,97.21349337,-0.5025579332
7-12-2023,43288.41,96.87694668,-0.5616589069
8-12-2023,44184.59,99.4596748,-0.6284094465
9-12-2023,43723.46,104.9254692,-0.4675159237
10-12-2023,43794.17,107.7289564,0.0998858608
11-12-2023,41248.85,112.3421534,0.7669331185
12-12-2023,41476.57,111.1795863,1.648812831
13-12-2023,42888.41,111.3845538,2.228213947
14-12-2023,43034.72,114.3577385,2.673118621
15-12-2023,41944.05,118.5828829,3.228404895
16-12-2023,42260.7,116.5573273,3.963715867
17-12-2023,41362.47,117.5975509,4.333060872
18-12-2023,42654.53,113.0538146,4.656034925
19-12-2023,42276.81,107.7585112,4.49355375
20-12-2023,43664.69,100.2470945,3.89262773
21-12-2023,43876.91,97.47845802,2.778254985
22-12-2023,44012.68,97.9787418,1.652650011
23-12-2023,43752.61,100.071451,0.7918408314
24-12-2023,43028.98,100.9152204,0.2753336226
25-12-2023,43606.44,99.48692733,-0.06516573532
26-12-2023,42528.16,101.6231624,-0.4451340127
27-12-2023,43473.63,100.8963879,-0.5673452886
28-12-2023,42599.41,101.3253739,-0.7146057079
29-12-2023,42093.09,97.54039044,-0.7876159135
30-12-2023,42159.51,91.27138785,-1.137777968
31-12-2023,42278.29,83.80989396,-1.899246702
1-1-2024,44190.9,73.96612748,-3.069414063
2-1-2024,44977.2,70.43473676,-4.736490501
3-1-2024,42861.49,64.71808428,-6.270333802
4-1-2024,44203.8,55.06161624,-7.856635346
5-1-2024,44185.37,50.68488826,-9.780246423
6-1-2024,43992.36,42.24422165,-11.52503401
7-1-2024,43942.3,29.97109086,-13.43402295
8-1-2024,46981.38,14.48256883,-15.75562844
9-1-2024,46122.45,6.122329924,-18.63055042
10-1-2024,46666.23,-5.10142573,-21.33758184
11-1-2024,46346.52,-9.317369424,-24.11065442
12-1-2024,42790.03,-9.720554172,-26.34483893
13-1-2024,42839.31,-14.8618141,-27.82720519
14-1-2024,41715.61,-16.028422,-29.08161311
15-1-2024,42502.39,-21.89086939,-29.82605968
16-1-2024,43139.79,-23.43894729,-30.53707704
17-1-2024,42750.82,-21.5904989,-30.86963445
18-1-2024,41294.55,-23.84726277,-30.63093984
19-1-2024,41644.74,-30.6026993,-30.2748846
20-1-2024,41691.92,-37.07072378,-30.18980624
21-1-2024,41586.94,-42.36067082,-30.29507379
22-1-2024,39540.57,-49.81691193,-30.45429544
23-1-2024,39882.07,-61.68805325,-30.82678411
24-1-2024,40090.15,-72.77457855,-31.71430321
25-1-2024,39945.87,-78.73482453,-32.93263155
26-1-2024,41817,-86.68230046,-33.98732288
27-1-2024,42126.46,-87.88912061,-35.06031476
28-1-2024,42032.37,-86.12664597,-35.59770072
29-1-2024,43297.42,-87.43423667,-35.47246153
30-1-2024,42950.2,-83.06019527,-35.07440432
31-1-2024,42562.95,-82.35022863,-34.01390144
1-2-2024,43078.25,-86.67659575,-32.73876479
2-2-2024,43187.89,-87.88739639,-31.71175807
3-2-2024,42997.87,-86.2283337,-30.64232371
4-2-2024,42578.24,-86.42383316,-29.32290063
5-2-2024,42668.42,-90.10400578,-27.97059589
6-2-2024,43093.45,-92.04517307,-26.88591967
7-2-2024,44337.8,-91.88978498,-25.88456082
8-2-2024,45303.45,-87.04261898,-24.79264403
9-2-2024,47149.6,-81.60821868,-23.2679479
10-2-2024,47776.32,-71.29890508,-21.37471019
11-2-2024,48311.33,-62.97308716,-18.82542247
12-2-2024,49942.38,-57.18478713,-15.94941473
13-2-2024,49744.44,-46.79500642,-13.05262787
14-2-2024,51829.17,-39.32290861,-9.805503208
15-2-2024,51929.1,-27.28279018,-6.553651258
16-2-2024,52160.74,-15.79721471,-2.970753231
17-2-2024,51666.81,-7.343201343,0.7864435881
18-2-2024,52127.48,-1.823443647,4.395548218
19-2-2024,51769.54,6.759926665,7.613425129
20-2-2024,52247.41,15.31976891,10.73250439
21-2-2024,51855.14,19.51669545,13.73675612
22-2-2024,51272.95,18.56234442,16.26876794
23-2-2024,50741.61,16.80842284,17.99100825
24-2-2024,51579.29,12.77963803,18.99540212
25-2-2024,51725.45,14.02598909,19.24446403
26-2-2024,54496.22,15.77634957,19.31971189
27-2-2024,57054.17,21.74888629,19.298129
28-2-2024,62472.68,27.10152102,19.53773931
29-2-2024,61165.98,33.59737637,19.92980669
1-3-2024,62415.76,38.23820607,20.52804958
2-3-2024,62020.87,47.6697847,21.13302914
3-3-2024,63148.92,57.65029577,22.11856038
4-3-2024,68285.06,64.05024152,23.434803
5-3-2024,63792.77,69.15680419,24.70952092
6-3-2024,66103.55,69.13199151,25.83400268
7-3-2024,66885.68,73.21997698,26.41862296
8-3-2024,68227.79,79.50396493,26.90169897
9-3-2024,68401.77,83.93411507,27.47489204
10-3-2024,69012.3,88.85708312,27.96427304
11-3-2024,72066.5,89.57679565,28.42172543
12-3-2024,71413.66,93.19912615,28.51364696
13-3-2024,73084.11,93.58508336,28.54968424
14-3-2024,71364.95,94.20201162,28.28335466
15-3-2024,69507.92,90.61333549,27.8015881
16-3-2024,65264.09,82.54681098,26.8210323
17-3-2024,68376.06,69.59205874,25.10365434
18-3-2024,67608.76,62.82264553,22.43862125
19-3-2024,61935.42,51.97554428,19.5549114
20-3-2024,67877.2,37.39625525,16.20745075
21-3-2024,65511.65,30.79884212,12.23707589
22-3-2024,63814.92,23.15891994,8.460640112
23-3-2024,64017.09,12.06585214,4.796024101
